button#screen0,52_Week_Highs_at_latest_close,"AGX, ANSC, AOMR, APXI, APXIU, BAYA, BKHAU, BLX, BMI, BSCO, CGBD, CRTO, CTRI, DLNG, EICC, FNVTU, GAIA, GLST, GODN, HCVIU, HUDA, KGC, KMI, MAGQ, MCAA, MCBC, MFIC, NGMS, NVACW, PDBA, PGR, RWOD, RWODR, SCHW, SKGRU, SSIC, TCOA, TENKU, TLGYU, TMET, TSDD, TSLZ, VCTR, VRIG, VSACU, WFC, XFIN"
button#screen1,52_Week_Highs_in_last_3_weeks,"AACIW, AADR, AAON, ABSI, ABUS, ACGL, ACIW, ACTG, ACV, ACWI, ACWX, ADI, ADX, AEG, AEL, AEM, AER, AG, AGI, AGM.A, AGS, AGX, AHR, AIG, AIQ, AIRC, AIRL, AIRR, AKO.A, ALCC, ALL, ALPN, ALSN, ALTY, AM, AMG, AMK, AMP, AMRK, AMZN, AMZU, AMZZ, ANSC, ANSCU, AOMR, AORT, APAM, APCA, APG, APO, APOG, APP, APXI, APXIU, AQWA, ARCB, ARHS, ARIS, AROC, ARQ, ASA, ASET, ASR, ATAI, ATCOL, ATI, ATKR, ATMU, ATMV, AUMI, AVDL, AVNT, AVNW, AVTE, AVXC, AWF, AXON, AXS, AYI, BAC, BALL, BAYA, BAYAR, BBAR, BBVA, BBWI, BCC, BCS, BCSAW, BDGS, BECN, BEPJ, BGR, BHC, BJ, BK, BKD, BKDT, BKHAU, BLBD, BLCR, BLD, BLX, BMI, BOKF, BOWN, BPYPP, BRAG, BRFS, BRKH, BRKHW, BRNY, BSCO, BSTZ, BSX, BUFC, BV, BWAQ, C, CAAP, CADL, CALM, CAT, CAVA, CBT, CCJ, CCTSW, CDE, CDL, CDW, CEM, CENX, CEPU, CFG, CGBD, CGEM, CGNT, CHK, CHKEL, CHRD, CHW, CHX, CIB, CID, CLF, CLH, CLRC, CLS, CMCM, CMI, CNK, CNM, CNNE, CNOBP, CNQ, CNX, COP, COPJ, COPP, COR, COWS, CPG, CPNG, CPRT, CR, CRAI, CRMD, CRNX, CRON, CRS, CRTO, CSL, CSTE, CSTM, CTNM, CTR, CTRE, CTRI, CTV, CVCO, CVE, CVEO, CVLT, CW, CX, CXW, DAX, DB, DCF, DCI, DCO, DDIV, DDS, DELL, DEMZ, DESP, DGRS, DHF, DHI, DHT, DINO, DK, DKS, DLNG, DLY, DMLP, DMO, DNOW, DOC, DORM, DOW, DPZ, DRLL, DSGR, DSP, DTM, DVAL, DVLU, DXJS, DXPE, DXYZ, DYCQ, DYCQR, DYCQU, EAT, ECCX, EDR, EDUC, EFAS, EFRA, EFT, EGO, EGY, EHLS, EIC, EICC, ELV, ELVN, ELYM, EMD, EME, EMN, EMO, EMR, EMXC, ENLC, ENV, EOG, EPD, EQH, EQRR, ERF, ESAB, ESGR, ESHA, ESI, ESPR, ET, ETN, ETRN, ETY, EUFN, EVER, EVGR, EWBC, EXG, EZPW, FANG, FBIN, FBL, FCEF, FCFS, FCX, FDIV, FDT, FEI, FEM, FEMS, FEP, FERG, FEUZ, FGM, FIF, FIHL, FINS, FIP, FITBO, FIX, FLN, FLS, FLXS, FNB, FNF, FNK, FNVTU, FNX, FORM, FPL, FPXE, FRA, FRO, FRPT, FSCO, FSM, FSS, FTA, FTAI, FTDS, FTGS, FTI, FTWO, FTXN, FUSN, FV, FVC, GAIA, GAM, GATO, GBDC, GBX, GCMG, GD, GDDY, GE, GECCI, GEO, GERN, GES, GEV, GFF, GFI, GGLL, GHC, GHIXW, GHM, GIFI, GINX, GKOS, GLAC, GLDI, GLNG, GLST, GLSTR, GM, GMFI, GMS, GNT, GODN, GOODO, GOOG, GOOGL, GPIQ, GPIX, GPK, GPOR, GRC, GRID, GRND, GSIB, GTES, HAFN, HAYN, HBAN, HBB, HBI, HBM, HCA, HCOW, HCVIU, HEAR, HEES, HEI.A, HERD, HESM, HEWG, HIE, HIG, HIPO, HLAL, HLMN, HLX, HMY, HPS, HROWL, HRT, HRTG, HSPO, HTY, HUBB, HUBS, HUDA, HUDAR, HUYA, HWKN, HYAC, IAG, IBACU, IBKR, IBN, IBOC, IBP, IBTA, ICOP, IDE, IESC, IEUS, IFIN, IFV, IGTA, IGTAW, INAQ, INBKZ, INCR, INFA, ING, INSW, INZY, IPKW, IPXX, IRIX, IROH, IROHR, IROHW, IRS, ISHP, ISRLU, ITCI, ITGR, IUS, IVAL, IVCB, IXAQW, IXUS, JBK, JELD, JGH, JHG, JIVE, JLL, JMM, JPM, JXN, KALU, KAMN, KAR, KEAT, KEQU, KEX, KGC, KLG, KMI, KNF, KR, KRO, KSM, KSPI, KTF, KUKE, KYN, LAUR, LBRT, LCUT, LDSF, LEVI, LFMDP, LFT, LGVC, LGVCU, LLYVK, LOMA, LRGE, LRND, LWAY, LYB, LYG, MAGQ, MAGS, MAGX, MAIN, MAR, MARXR, MCAA, MCAC, MCBC, MCK, MCY, MDIV, MDST, MDWD, MEOH, MET, META, MFAN, MFIC, MG, MGY, MHF, MKSI, ML, MLM, MLP, MLR, MMM, MMYT, MNMD, MNR, MODL, MOG.A, MOG.B, MOOD, MORN, MPA, MPC, MPLX, MRC, MRO, MSA, MSSA, MTAL, MTDR, MTSI, MU, MUE, MUR, MUSA, MUX, MXE, MXF, MYRG, NCDL, NDAQ, NDP, NDSN, NEWZ, NFLX, NGMS, NGS, NIE, NIVF, NKX, NL, NMT, NNAGU, NR, NRES, NRG, NRIX, NSCR, NSI, NTG, NTIC, NTRA, NTST, NUE, NVAC, NVACR, NVACW, NVR, NVT, NWG, NWLI, NWPX, NXE, NXTC, OBDC, OC, ODFL, OFSSH, OKE, OLN, OMI, ONBPP, ORI, OSIS, OSK, OUST, OVV, OWL, OXSQZ, OXY, PAA, PAAS, PACK, PACS, PAGP, PAXS, PBF, PDBA, PDI, PDS, PDX, PDYNW, PEG, PEO, PFG, PGR, PGSS, PH, PHIN, PHM, PHO, PHT, PHYT, PIE, PIPR, PKG, PLAY, PMTU, PNTG, PPC, PR, PRCT, PRIM, PRLH, PRN, PRTC, PRU, PSFE, PSMT, PSN, PSX, PTA, PTVE, PTY, PUBM, PVH, PWFL, PWP, PWR, PXD, PXI, PYT, PYZ, QCLR, QFIN, QNST, QTTB, QTWO, QVAL, R, RAIL, RANI, RCB, RCC, RCL, RDNT, REVG, REX, RFDI, RFEM, RFM, RGA, RILYM, RILYO, RING, RJF, RNA, ROAD, ROOT, ROP, RRAC, RRR, RS, RSKD, RSVR, RUSHA, RVMD, RVT, RWOD, RWODR, RY, RYAAY, SA, SAN, SANG, SCCO, SCHW, SCX, SCZ, SDRL, SDVY, SENEB, SERA, SFB, SG, SGC, SHEL, SIG, SIGA, SII, SKGRU, SKWD, SKYW, SM, SMCF, SMLP, SMTC, SMXT, SN, SNX, SOLV, SOR, SP, SPBC, SPE, SPKL, SPNS, SPNT, SPOT, SPXC, SQSP, SRV, SSIC, STEP, STEW, STIM, STLD, STNG, STXE, STXM, STXV, STZ, SU, SUM, SUPV, SUSL, SUUN, SUZ, SVII, SWN, SWX, TARA, TBLD, TBMC, TCN, TCOA, TCOM, TDG, TDW, TECK, TEI, TEL, TENKU, TEVA, TEX, TFII, TGLS, TGS, TGT, THRD, TIGO, TKC, TLGY, TLGYU, TME, TMET, TMTC, TNC, TNET, TNP, TOL, TPC, TPZ, TRAK, TRGP, TRINZ, TRIS, TRNO, TRV, TS, TSDD, TSLZ, TSQ, TT, TTE, TTEK, TTP, TWIN, TXT, TYG, UEVM, ULS, UNM, USA, USAC, USAP, USCF, USCT, USLM, USRD, VCEL, VCTR, VERI, VFLO, VIRT, VIST, VITL, VLGEA, VLO, VLTO, VMOT, VNOM, VNT, VRIG, VRT, VSACU, VST, VTHR, VTMX, VTWV, VXUS, VYMI, VZ, WAB, WDC, WES, WEX, WFC, WFRD, WING, WIRE, WKC, WLK, WMB, WNC, WOOD, WPM, WRND, WSM, WSO, WSO.B, WT, WTTR, WWD, XBIT, XFIN, XOM, XOMA, XOMAO, XPO, YLDE, YPF, ZETA, ZWS, ZZZ"
button#screen2,52_Week_Highs_this_week,"AGX, ANSC, AOMR, APCA, APOG, APXI, APXIU, ATI, ATMV, AVDL, BAYA, BDGS, BKHAU, BLX, BMI, BRFS, BRKHW, BSCO, BWAQ, CENX, CGBD, CGEM, CMCM, CPNG, CRTO, CTNM, CTRI, DLNG, DXJS, DYCQ, DYCQU, EFT, EICC, ELV, ELYM, ENV, EVER, EVGR, FCFS, FIP, FNVTU, GAIA, GBDC, GE, GECCI, GHIXW, GLDI, GLST, GLSTR, GODN, HCVIU, HEI.A, HSPO, HUDA, IBTA, IFIN, IPXX, IROH, IROHR, ITCI, ITGR, IXAQW, KAMN, KGC, KLG, KMI, KUKE, LBRT, MAGQ, MCAA, MCBC, MCY, MDWD, MFIC, MG, MHF, MNR, MOG.A, MPA, MTSI, NEWZ, NGMS, NRG, NSI, NTIC, NVAC, NVACW, PACS, PDBA, PGR, PGSS, RANI, RRAC, RWOD, RWODR, SCHW, SCX, SKGRU, SMXT, SPKL, SSIC, SVII, TBMC, TCOA, TCOM, TDG, TENKU, TLGY, TLGYU, TMET, TRIS, TSDD, TSLZ, ULS, USCT, VCTR, VLTO, VRIG, VSACU, WFC, WIRE, XFIN"
button#screen3,52_Week_Lows_at_latest_close,"AAPB, AAPU, ABCL, ACLS, ADPT, AIXI, ALNY, AMBA, AMDL, AMLX, AMZZ, ANRO, AOSL, ARAY, ATLC, AUNA, AVXC, AVXL, BABX, BCRX, BFLY, BGFV, BGNE, BIIB, BKKT, BLDP, BNZI, BOLD, BORR, CA, CAN, CARM, CAUD, CBD, CDZIP, CERO, CHPT, CHUY, CLNE, CLPR, CMBM, CMRX, CMTL, CNTG, CNXC, COHU, CRNC, CRSR, CTEC, CVAC, CZR, DAVA, DOMO, DOUG, DTC, DXLG, EBTC, ECCF, EDIT, EGHT, EHLS, ENZ, EVGO, EXAI, FCEL, FLJ, FOA, FOXF, FUV, GCTS, GECCI, GFS, GH, GINX, GLPG, GTI, HBIO, HCAT, HIMX, HTZ, HTZWW, HYDR, HYW, IART, IAS, IBAT, IBTA, IMRX, INMD, INRO, JACK, KVYO, KYTX, LDTC, LEGN, LL, LOOP, LOT, LPRO, LPSN, LRE, MAGX, MATW, MAXN, MCRB, MEMS, MGX, MLCO, MODV, MOLN, MRTN, MSFL, MTN, MTTR, MVIS, MX, NA, NDLS, NEOG, NFBK, NOVA, NRC, NRGV, NSCR, NTLA, NVEE, NVRO, NVTS, NWFL, NYC, ON, OPTN, PCH, PERI, PFS, PGSS, PKST, PL, PLRX, PNST, POWI, PRE, PRME, PRTA, PRTS, PSWD, PTON, PTSI, QCLN, QDEL, QQQI, QQQY, RGS, RLAY, RPTX, SEDG, SFIX, SHEN, SHLS, SHPW, SIRI, SITM, SLRN, SNFCA, SOHON, SPCE, SPEC, SPI, SPWR, STEM, STXM, SVC, TBIO, TDOC, TLK, TSE, TSL, TSLA, TSLL, TSLR, TSLT, TVGN, TWOU, TXMD, UBX, UFI, UPGR, UPLD, UTMD, VERV, VFS, VICR, VOXX, WBX, WOLF, XPEV, ZH, ZKH, ZPTA, ZTS"
button#screen4,52_Week_Lows_this_week,"TXG, YI, ME, TWOU, DDD, EGHT, CPLS, EYEG, ABCL, ACAD, ARAY, SLRN, ADPT, ADNT, ADTN, AGL, API, ALEX, ALLK, BIRD, ALNY, AOSL, HIDE, ANRO, AMPS, AMBA, ABEV, AMC, AMCX, AS, AWR, NYC, AWK, AMWL, CRMT, COLD, AMPX, AMLX, ANTX, AVXL, APLD, APTV, ALTM, FUV, ACRE, ARRY, AVBP, ARTNA, ASAN, ASTSW, ATHS, ATLC, ATLCZ, ATRC, ATS, AUBN, AUNA, AUPH, AVXC, ACLS, AZUL, BIDU, BKKT, BLDP, BBD, BBDO, BNZI, BNED, BSET, BCBP, BCE, BDX, BGNE, BGFV, BIG, BIGC, BCRX, BIIB, BIOR, BTCM, BRTR, INRO, BA, BORR, SAM, BOLD, BCOV, BTI, BEPJ, BEPC, BEP, BF.A, BF.B, BMBL, BFI, BFIIW, BFLY, CFFI, CHRW, CDZI, CDZIP, CZR, CWT, CALX, CMBM, CAN, CSIQ, CMAX, CARM, PRTS, CATO, CNTG, CENTA, CTRI, CRNC, CERO, CHPT, CHTR, CHGG, CSSEP, CSSEL, PLCE, CIM, CMRX, CHUY, CLNE, CLPR, CLOV, COHU, CAUD, COLB, CBD, ELPC, CMP, CSLR, CMTL, CNXC, CNFRZ, CNMD, CCSI, TCS, CORZ, CORZZ, CRSR, CSAN, CBRL, CVAC, QQQY, DXLG, AAPU, TSLL, DOMO, PLOW, DOUG, SSP, STXM, ECCF, EICC, ECX, EDIT, EHTH, EFC, EMBC, DAVA, ENR, ERII, NRGV, EBF, ENVX, EBTC, NVST, ENZ, EWCZ, EHLS, EB, EVRI, EVGO, XGN, EXAI, FANH, FOA, FNLC, QCLN, FLJ, FLUT, FCUV, FORR, FWRD, FOSL, FOXF, FRPH, FCEL, FLGT, GLPG, GAMB, GME, GLPI, GCTS, GILD, DNA, LAND, GMRE, GNL, CTEC, HYDR, WNDY, GFS, GOGO, GPRO, TSL, AAPB, AMDL, AMZZ, BABX, MSFL, TSLR, GTI, GTN.A, GECCI, GHG, GHI, GRDI, GRTS, GROV, GH, GXO, HNVR, HBIO, HE, HCAT, HTLD, HTZ, HTZWW, HIMX, HHH, HYPR, HYW, IBTA, DYFI, IMRX, NARI, III, IMKTA, INMD, INNV, INST, INTA, IART, IAS, NTLA, IGT, IRDM, IRBT, IRWD, IBAT, JJSF, JBHT, JACK, JAZZ, JKS, JL, JBT, JNJ, JOUT, KLTR, KVYO, KYTX, LGVC, LGVCU, LGO, LCII, LRE, LDTC, LEGN, LEG, LESL, LX, LPL, LBRDA, LBRDK, LPSN, LL, LOOP, LOT, LCID, LVLU, LAZR, LUMO, MX, MBUU, TUSK, MCS, MRNS, MKTX, MKFG, MRTN, MTLS, MTTR, MEMS, MATW, MAXN, MHUA, MLCO, MGX, MVSTW, MVIS, MSEX, MIRM, MODV, MOLN, EVTR, NC, NA, NRC, NVTS, NEOG, QQQI, NTCT, NVRO, NYMT, NIVF, EGOX, NIO, NDLS, NFBK, NWFL, NUS, NCPB, NPFI, NSCR, NVEE, OLPX, ON, OCFT, OOMA, LPRO, OPRT, OPTN, ONL, OM, PTSI, PACB, PCRX, PDYNW, PZZA, PYCR, PKST, PGSS, PTON, PENN, PWOD, PRFT, PERI, PRT, WOOF, PETS, PFE, PHAR, PNST, PL, PLRX, PSNY, PTLO, PCH, POWI, PRE, PRME, PRGS, PRTA, PFS, PUK, PSQH, TLK, LUNG, QTI, QDEL, QRTEB, RDUS, RICK, RMAX, RC, RRGB, RDDT, RWT, RWOD, RGS, RLAY, RNWWW, RPTX, RVNC, RVSB, RIVN, ROG, MAGX, RBT, BRW, SOC, SAGE, SNDR, SCPH, SCRMU, SNFCA, MCRB, SVC, GINX, SHPW, SHEN, SHIM, SHLS, SIBN, SAMG, SIRI, SITM, SJW, SKIL, SUUN, SEDG, DTC, SOLV, SOS, SHC, SOHO, SOHOO, SOHON, SPEC, SPI, SPRU, SGU, STEM, SFIX, NEWZ, SSYS, SDIG, NOVA, SPWR, SRFM, TAK, TGNA, TRC, TDOC, TBIO, TU, TVC, TDC, TSLA, TVGN, NAPA, HAIN, LEV, RGF, YORW, TXMD, TWKS, TDUP, TLYS, TACT, TAC, TSLT, TRIB, TRINZ, TSE, TPVG, DCFC, DJTWW, TTEC, MDST, UFI, QURE, UNFI, UBX, UHT, UPLD, USNA, UTMD, UXIN, VFC, VCSA, MTN, VALE, VCRB, VPLS, VREX, VAXX, VCYT, VRSN, VERV, VIAO, VICR, VFS, SPCE, VC, VOXX, WTI, WBA, WKME, WBX, WB, WERN, USIN, WTBN, QSML, WNS, WOLF, WDS, WK, WW, XBP, AIXI, XPEV, CA, PSWD, UPGR, ZLAB, ZPTA, ZAPP, ZEPP, ZVIA, ZH, ZD, ZKH, ZTS, ZCAR"
button#screen5,ADX_Bearish_Trends,"ADX, AIT, ALLE, AMBC, AMWD, AOTG, APLE, ASG, AVBP, AVXL, BAH, BCPC, BEN, BNRE, BXMX, CNCR, COHR, CSIQ, CSML, CSTL, CTMX, CUBB, CYBR, DOCN, DYNI, EGHT, ENOV, ERET, ETV, EYPT, FAAR, FAD, FBOT, FIXD, FLJ, FTAIO, FTRE, GAM, GFGF, GLDD, GLPI, GREEL, GT, GTLB, GTN.A, HNDL, HQGO, HST, HSY, HTZ, ICLK, IDYA, IJT, INBX, IOBT, IONQ, ITW, IUSG, JBL, JBT, JSMD, KD, LBTYA, LCII, LDEM, LGRO, LOT, LQDT, MC, MLCO, MNDY, MUI, MURA, NPO, ODDS, ON, PCOR, PEB, PKST, PLYM, PNFPP, PRH, QQEW, QQQA, QQQJ, QQQS, QRMI, RBC, RLJ, RMD, ROBT, ROCK, RPID, RQI, RXRX, RZB, SDHC, SGMO, SHOO, SJT, SMH, SNFCA, SP, STRV, TARK, TERN, TFINP, TRDA, TRUE, TSL, TSLL, TSLR, TTGT, TWST, TYL, UZD, VNQI, VOXX, VPG, VRNS, WCBR, WD, WERN, WMS, WSO, XGN, ZH"
button#screen6,ADX_Bullish_Trends,"BOWNR, CDAQU, COF, DWSH, FCN, KDP, KHC, ME, ONYXW, PBR.A, SARK, TLGYU, UAL"
button#screen7,Bollinger_Bands_Converging,"AL, EGY"
button#screen8,Bollinger_Bands_Diverging,"ASCB, SPECW, TRNO"
button#screen9,Bollinger_near_Upper_Band,"AACT, AAPD, ACAB, AFAR, AFT, AGZD, AIF, AIMBU, ALCY, ALK, ALSA, ALSAU, AMSF, ANDE, ANL, ANSC, ANSCU, APCA, APXI, ATMC, ATMCR, ATMV, AXP, BANF, BAYA, BCSA, BDGS, BFAC, BG, BHAC, BHACU, BOCN, BOWN, BRAC, BRKHU, BSCO, BSCP, BSIG, BSJO, BSJP, BSL, BSMO, BSMP, BSMQ, BUXX, BWAQ, BXSL, BYNO, BYNOW, CALY, CBH, CCLDO, CDAQ, CDAQU, CGBD, CITEU, CLOA, CNDA, CRCT, CSR, D, DFIN, DLNG, DOLE, DOOR, DUET, DUK, DYCQU, ECCC, ED, EE, EMCG, EMLD, ESHA, ETR, EVBG, EVGR, EVGRU, FCN, FCRX, FDUS, FIAC, FINW, FLDB, FMS, FNVT, FSCO, FSK, FTSL, FTSM, GAQ, GBBK, GECCM, GECCO, GHIX, GJO, GLAC, GLST, GMFIU, GNE, GODN, GSBD, HCVI, HSPO, HTFC, HTGC, HYAC, IBTE, IBTF, IDA, IFIN, INAQU, IPXX, IPXXU, IROH, ISRL, IVCA, IVCB, KAMN, KCGI, KDP, KFS, KHC, KMI, KTN, KVAC, LATG, LCW, LNG, MACK, MCAA, MCAC, MDC, MNTN, MYFW, NETD, NETDU, NEWTI, NFYS, NGMS, NJR, NMFCZ, NNAG, NNI, NPAB, NWN, OBDC, OBIL, OCSL, OXLCN, OXLCP, OXLCZ, PBR, PGR, PLAO, PNNT, POR, PRMW, PSBD, PWUP, QETA, QETAU, RCFA, RENE, RFAC, ROCLU, RRAC, RWAYL, RWTN, SAY, SAZ, SBXC, SCHW, SCRM, SCRMU, SCX, SEDA, SENEA, SFM, SHV, SKGR, SKGRU, SLN, SO, SPAQ, SPC, SPKL, SSSSL, STRS, SVII, SVIIU, SWKH, TAP.A, TARO, TAST, TBBK, TBIL, TCOA, TENK, TETE, TGAA, THCP, TLGY, TMTCU, TPVG, TRINL, TRIS, TRTL, TSN, UAL, USCT, VMCA, VRIG, VSAC, VSACW, VTIP, WEL, WEN, WHF, WMK, WTMA, XEL, XFIN, ZFOX, ZIONL, ZUMZ"
button#screen10,CCI_Buy_Signals,"AIF, ALVO, AMSF, BALY, BG, BLX, BSY, BXSL, CBSH, CION, CSWC, CVGW, D, DEA, DFIN, DOLE, DUK, ED, EE, EGOX, ESGL, ETR, FCN, FDUS, FOX, FSCO, FSK, GNE, HRZN, HSHP, IDA, KDP, KGC, KHC, KMI, LFCR, LMT, LNG, MANU, MCB, MCY, MFIC, NI, NKE, NWN, OCSL, OSBC, PAHC, PARA, PBR, PBR.A, PGR, PM, PNNT, POR, PPC, SCRMW, SEAT, SFM, SLN, SO, TAST, TPVG, TSN, UGI, UNH, VRIG, WISH, XEL, ZUMZ"
button#screen11,CCI_Sell_Signals,"ABNB, ABSI, AEG, AISP, ALSN, AMZN, AMZU, APP, ARES, ARQT, ATRA, ATXS, AVRO, BCRX, BILL, BRZE, BSX, CAMT, CAT, CAUD, CC, CDLR, CEG, CGEM, CHDN, CINT, CMG, CMI, CMPR, COMP, CTLT, CTV, CXM, DAY, DHI, DLO, DNOW, DUOL, DXCM, ELVN, ETJ, ETN, EVA, EXAI, FBL, FICO, FSLY, FVRR, GLBE, GRFS, HAE, HTHT, HWKN, HYFM, IMUX, IOT, KOD, KPTI, KROS, KYMR, LAW, LI, LVTX, MAPS, MASI, META, MNRO, MODG, MOR, MPC, MQ, NFLX, NOTE, OI, OII, OMER, ONMD, ORIC, PBF, PHR, PI, PR, QBTS, RDNT, RELX, REPL, ROOT, RRR, SANM, SBLK, SBS, SEER, SMCI, SMXT, SWTX, SYRS, TDG, TNGX, TVGN, ULTA, UP, VIRC, VIRX, VRNA, VRT, WIMI, WING, WMT, XPEV"
button#screen12,Close_moved_above_Moving_Average_200,"FOX, OSBC, POR"
button#screen13,Close_moved_below_Moving_Average_200,"AAXJ, ADI, ARE, AXTI, BL, BSTZ, ELAN, ETV, FTQI, GLYC, JBL, KEYS, MCHP, MNDY, ORIC, QYLD, RCKT, S, WDAY"
button#screen15,EMA_50/120_Bearish_Crossovers,"AAT, ADEA, AFYA, AON, BRX, CABA, CUK, CVS, DLTR, EG, EPAM, HEPS, HLIT, HQH, KSS, LASR, NLY, ODD, OPCH, ORC, PFMT, PLD, PPG, PSTX, RBLX, RPRX, SRAD, TDY, TRP, VCLT, XNCR, ZS"
button#screen16,EMA_50/120_Bullish_Crossovers,"BSY, CPB, GCI, ZUO"
button#screen18,Fast_Stochastic_Overbought,"AEE, AGR, AIR, ALHC, ALK, ALL, ALLY, AMC, AMPY, ANDE, ARCC, AXP, BALY, BG, BOC, BSCP, CION, CNC, CNP, CPK, CRCT, CRD.A, CSWC, CTO, CVGW, D, DFLI, DHAI, DUK, EE, EFSC, ELV, ES, ESGL, ETR, EVC, EXC, FBK, FCN, FDP, FFBC, FITB, FOX, FSK, GBDC, GCMG, GIS, GLAD, GNE, GPC, HCC, HE, HLF, HOMB, HRZN, HSHP, HTGC, HTLF, HUM, IDA, INDB, IRDM, IVT, JRVR, KDP, KGC, KHC, KMI, KMT, LFCR, LNT, LUV, MAIN, MCB, MCY, MFIC, MRDB, MTB, NHI, NI, NJR, NSP, NVD, NVDD, NVDS, NWN, OCSL, OGS, OSBC, OZK, PAHC, PBR, PBR.A, PCG, PEBO, PEP, PFC, PGR, PM, PNNT, PNW, POR, RIO, RTX, SCHW, SCRMW, SEAT, SFM, SLN, SO, SPTN, SR, TAST, THRD, TKC, TSN, UGI, UVV, VRCA, VRIG, XEL, YSG, ZUMZ"
button#screen19,Fast_Stochastic_Oversold,"ABNB, ACAD, ACI, AER, AISP, ALUR, API, APYX, ATRA, AVRO, BB, BBVA, BMBL, BTCM, CAMT, CART, CC, CGEM, CHX, CMC, CMG, CMPO, CMRX, DAY, DDOG, DIOD, DLO, DNA, DOCU, DUO, DUOL, DXCM, EDU, ENZ, ERJ, ETJ, FBL, FICO, FSD, GDDY, GLBE, GUTS, HEPS, HTOO, HUYA, HWKN, IFS, IIIV, IMUX, IRON, KAR, KC, KIRK, KYMR, LI, LIVN, LOPE, LVTX, LYEL, LYRA, M, MBLY, MEI, META, MNY, MQ, MXL, NAVI, NBR, NIO, NMZ, NOAH, NRDY, NRIX, NVDA, NVDL, NVDU, NVMI, ONON, OPRA, OTIS, OXY, PBI, PHG, PHR, PI, PINS, PLBY, PRST, PSTG, QBTS, QMCO, QSG, RDNT, RNA, SBLK, SEER, SGHT, SMAR, SMCI, SNN, SP, SSL, SYRE, TCOM, TCRX, TCS, TDG, TPG, TTEK, UDMY, UP, URNJ, VAC, VERA, VRNA, VRT, VTEX, WB, WING, WST, XLO, YY, ZH, ZLAB, ZTS"
button#screen20,Fisher_Transform_Cross_Up,"AACT, AAME, AB, ABCB, ABEV, ABT, AC, ACCO, ACR, ADAP, ADC, ADM, ADNT, ADSK, ADVWW, AFAR, AFB, AFCG, AFG, AFJKU, AFL, AFT, AGNC, AGNCL, AGNCO, AHH, AIMAU, AIU, AIZ, AKAM, AKO.B, ALCO, ALEX, ALIM, ALLG, ALTR, AMAL, AMCR, AMGN, AMH, AMN, AMP, AMTB, ANGI, ANGL, APLD, APLE, AQN, AQNU, ARI, ARMK, ARR, ARVN, AS, ASA, ASAI, ASB, ASET, ATHS, AUBN, AVAV, AVB, AVPTW, AVY, AXS, AY, BAK, BALL, BANF, BANR, BAP, BAYAR, BBW, BBWI, BCBP, BCH, BCO, BCOV, BCS, BCSF, BDX, BEPC, BERY, BF.B, BFH, BFS, BG, BGFV, BGS, BHAC, BHF, BHFAM, BHFAN, BIIB, BIO, BKD, BLCN, BLFY, BLUE, BLX, BMY, BNL, BNS, BOE, BOH, BOKF, BOWNR, BPOP, BRK.A, BRLT, BRP, BSBR, BSJQ, BSJR, BSJS, BSJT, BSJU, BSRR, BSVO, BUD, BUSE, BWAQR, BXP, BY, CAC, CACI, CADE, CAG, CAPL, CARE, CARG, CASH, CBL, CBNK, CBRL, CBU, CBZ, CCB, CCBG, CCD, CCNE, CCO, CCOI, CCRN, CDC, CDL, CDP, CEM, CFR, CGABL, CGBDL, CGC, CHI, CHMG, CID, CIG, CIL, CIZ, CLAR, CLBK, CLCO, CLDT, CLGN, CLPS, CLVT, CLW, CM, CMCO, CMLS, CMPO, CMSD, CNI, CNNE, CNS, CNXN, CODI, COO, COUR, CPF, CRAI, CRI, CRML, CRT, CRVS, CSA, CSF, CSLR, CSML, CSTL, CSV, CTO, CTR, CTRE, CTVA, CUBB, CUBI, CUZ, CWCO, CWH, CYH, CZAR, CZWI, DAKT, DAN, DAVE, DBX, DCOM, DD, DDD, DE, DEA, DEI, DFGX, DGCB, DGRS, DGX, DHAI, DHIL, DHR, DIN, DIP, DIVD, DLB, DLY, DMLP, DOX, DTM, DVAX, DVOL, DVY, EA, EBAY, EBC, EBMT, EBR, EBS, ECC, EEFT, EFRA, EHI, ELP, EMCB, EMD, EMO, ENS, ENSG, EPD, EPR, EPRT, EQH, EQIX, EQR, EQRR, EQS, ESE, ESGL, ESGLW, ESGR, ESMV, ESNT, ESRT, ESTC, EVEX, EVRI, EVTC, EWBC, EWCZ, EXPO, FA, FAB, FALN, FANH, FARM, FBIZ, FBNC, FBP, FCEF, FCPT, FCRX, FDIV, FDX, FFIN, FFWM, FHB, FIBK, FIS, FISI, FITB, FMC, FNB, FNF, FNVTW, FORR, FOSL, FRA, FRBA, FRMEP, FSV, FSZ, FT, FTA, FTAIO, FTAIP, FTDS, FTK, FTSL, FTXO, FUNC, FWRG, FYT, G, GABC, GAIA, GAQ, GATX, GBCI, GCMG, GCMGW, GD, GDL, GDO, GDRX, GDS, GECC, GEL, GETY, GGT, GHI, GHLD, GHY, GIFI, GLPI, GLW, GMFIW, GMRE, GNMA, GNRC, GOF, GPRE, GRAB, GRC, GRDI, GREE, GRNT, GRX, GSBC, GSHD, GSIB, GSK, GUT, GXO, HAFC, HBCP, HBM, HBT, HCA, HCI, HCP, HCXY, HDB, HHH, HI, HIG, HIO, HON, HONE, HOPE, HOVNP, HPK, HRL, HSIC, HSII, HSY, HTH, HTLD, HTLF, HUDA, HURN, HWH, HYW, HYXF, HYZD, HZO, IAC, IAG, IBOC, ICUI, IFGL, IGA, IGF, IGOV, IGT, IHS, IHYF, IIIN, IKNA, IMCR, IMCV, IMKTA, INDY, ING, INSW, INTR, INVH, IOSP, IPA, IPAR, IQV, IRTC, IRWD, ISRG, ITIC, ITUB, IUSV, IVCAW, IVCB, IVR, IXAQ, J, JBT, JEQ, JFR, JNJ, JOUT, JPM, JRS, KB, KBR, KBWP, KBWR, KEAT, KEP, KEQU, KFY, KGC, KGS, KIM, KNX, KPLT, KR, KREF, KRNY, KROP, KT, KTN, KTOS, KW, KWR, LANC, LAND, LBAI, LBPH, LCII, LDOS, LEA, LECO, LEG, LEGR, LFCR, LH, LKQ, LNC, LND, LNN, LOCL, LOVE, LRFC, LSXMA, LSXMK, LTH, LUNG, LYTS, MAIN, MAT, MATW, MBWM, MCB, MCBS, MCFT, MCRI, MD, MDT, MEC, MFIC, MFM, MGF, MGYR, MITN, MITT, MIY, MOFG, MPAA, MPLX, MRBK, MRCC, MRDB, MRK, MSBI, MSM, MTCH, MTLS, MVT, MYE, NAII, NAPA, NAZ, NBN, NBR, NBTB, NFBK, NGVC, NIC, NIM, NKGN, NLOP, NMI, NNN, NPK, NQP, NRIM, NRUC, NSSC, NTB, NTCT, NTG, NTGR, NTST, NUW, NVAX, NVS, NWG, NXTC, NYMT, NYMTL, NYMTM, NYMTN, NYMTZ, NYT, OBDC, OBK, OCC, OCN, OFG, OHI, OIA, OKE, OLLI, OMCL, ONB, ONL, OPINL, OPY, ORI, OSG, OTLY, OVID, OXLCP, OXM, OXSQ, OXSQG, PAA, PACB, PACK, PARAA, PAX, PAY, PAYOW, PB, PBA, PBR, PBR.A, PBT, PDBA, PDX, PEBO, PECO, PEG, PENN, PFBC, PFC, PFE, PFIS, PFLT, PFN, PFS, PGC, PHIN, PHX, PINC, PLAOW, PMT, PNC, PNFP, PNM, PNNT, PPBI, PPC, PPH, PPIH, PRDO, PRFT, PRG, PRI, PRLB, PROCW, PSCD, PSCF, PSCM, PSNL, PSNY, PSTL, PT, PTLO, PUMP, PWOD, PZZA, QABA, QGEN, QRTEP, QSML, RBB, RBCAA, RCC, RDDT, RDWR, REIT, RENEW, RERE, RFDI, RFEU, RGA, RGEN, RGR, RICK, RIV, RLTY, RMMZ, RNSC, RNST, ROCL, ROL, ROP, RPRX, RTX, RVNC, RVSB, RWAYL, RWOD, RWODU, RWODW, RWT, RWTN, SAFE, SAND, SAY, SAZ, SBGI, SBLK, SBRA, SBXC, SCHL, SCL, SCRMW, SCSC, SCWX, SDHY, SEATW, SF, SFBS, SFL, SFNC, SHBI, SHIM, SIBN, SITC, SKWD, SLDPW, SLRN, SMBK, SMMF, SMP, SNDR, SNEX, SNY, SOC, SON, SOR, SOS, SPAQ, SPSC, SQLV, SRCE, SRCL, SRET, SRFM, SRG, SRI, SSB, SSD, SSSS, SSTK, STC, STEL, STGW, STHO, STXV, STZ, SU, SUZ, SWBI, SWZ, SYBT, T, TASK, TBI, TBLA, TBLAW, TBLD, TBMCR, TCBI, TCBK, TDS, TDY, TFC, TFSL, TG, THFF, THG, TIGO, TKC, TLGYW, TOWN, TPB, TPZ, TRMK, TROX, TRP, TRS, TRST, TRV, TSBK, TTC, TU, TUSK, TW, TWKS, TXSS, TYG, TYL, UBFO, UCBI, UDR, UFIV, UHAL, UHS, UHT, ULH, UNB, UNF, UNP, USB, USCF, USLM, USM, USPH, UTRE, UVSP, VALE, VBTX, VCYT, VEL, VGSR, VIA, VICI, VIRT, VLY, VLYPP, VMO, VONV, VPG, VRE, VRSN, VSDA, VSMV, VTIP, VTN, VTOL, VTRS, VTYX, VYMI, VZ, WABC, WASH, WBA, WBD, WBS, WCN, WDI, WEA, WERN, WIT, WM, WMB, WPC, WPM, WRB, WRK, WSBCP, WSFS, WTTR, XBP, XOMA, XPOF, YLDE, ZD, ZI, ZLAB, ZUMZ, ZWS"
button#screen22,Heikin-Ashi_Downtrends,"ACCO, ACHR, ACLX, ACN, ACTG, ADAP, ADEA, ADUS, ADVWW, AFB, AFGD, AFGE, AFJKU, AFYA, AGNCL, AGO, AI, AIZ, ALLG, ALNT, ALT, AMDL, AMID, AMTX, AMWL, ANGI, ANTX, APEI, APLT, APPF, ARAY, ARGX, ARLO, ASO, ASYS, ATLCL, ATRO, ATUS, AVNW, AVY, AWF, AXNX, AZTA, BAH, BAK, BAX, BBAI, BBU, BBUC, BC, BCAT, BCBP, BCOV, BDC, BEPH, BF.A, BF.B, BFI, BFLY, BFS, BGSF, BHIL, BIDU, BIGZ, BIOR, BLBD, BLCN, BLK, BLND, BMEZ, BMY, BNTX, BNY, BOOM, BPYPM, BPYPN, BRK.A, BURL, BW, BWG, BWXT, BXMX, BYND, BYON, BZH, CAL, CAPT, CARA, CARE, CBD, CBNK, CBRL, CCBG, CCEP, CCS, CCZ, CDZI, CDZIP, CGABL, CHE, CHMG, CHUY, CIEN, CJET, CLOV, CLW, CMPO, CMRX, CMSA, CMSD, CMTL, CNTB, COHR, COUR, CPAY, CPRI, CPRT, CRAI, CRBU, CRI, CRNC, CRON, CROX, CRVS, CSX, CTRA, CTRN, CTSH, CWCO, CWH, CX, CXE, CXH, CYH, CZWI, DAPP, DAVA, DCFC, DFP, DGRW, DH, DIAX, DIS, DIVD, DMLP, DMRC, DNMR, DNP, DOMO, DOX, DQ, DRI, DRQ, DSL, DSM, DTCR, DXLG, EC, ECVT, ECX, EG, EHI, ELAN, EMBC, EMP, ENJ, ENVX, ENZ, EOLS, EPD, ESGR, ESMV, ESNT, ETON, EVGO, EYE, FAST, FATE, FBIN, FBIZ, FCNCP, FDX, FGEN, FICS, FISI, FITBP, FIZZ, FL, FLJ, FLWS, FNWB, FORR, FOXF, FRBA, FRST, FSV, FTDR, FTV, FTXH, FULC, FULTP, GAMB, GCTS, GDO, GEF, GEF.B, GENK, GES, GHI, GHM, GIFI, GILD, GLDD, GLPG, GLYC, GOSS, GPRO, GPS, GRBK, GRTS, GSHD, HBANP, HCAT, HCKT, HEAR, HEQ, HGLB, HIMS, HIO, HLIT, HNDL, HNI, HNST, HOFT, HPK, HRTG, HSIC, HSII, HSTM, HSY, HTH, HTIA, HTIBP, HUN, HYFM, HYW, HYZN, HZO, IDXX, IFN, III, IMCR, IMKTA, INDV, INMD, INOD, INTC, INZY, IOBT, IONQ, IOVA, IP, IPG, ITW, IVR, IVVD, J, JAZZ, JBSS, JBT, JILL, JL, JMIA, JMM, JNJ, JOBY, KAI, KBH, KBWP, KEAT, KELYB, KF, KIND, KKRS, KPLT, KRNT, KRNY, KRON, KVYO, LANC, LASR, LAZR, LDP, LECO, LESL, LEV, LGVC, LGVCU, LH, LKQ, LNC, LNW, LOCL, LPSN, LPX, LRN, LSTR, LSXMA, LSXMK, LVS, LYV, MANH, MAT, MAV, MAXN, MCFT, MCN, MCS, MDT, MEDX, METCB, MGRC, MHN, MIY, MMI, MNST, MPAA, MRBK, MRSN, MRUS, MTG, MTX, MUJ, MYE, NATH, NAUT, NAZ, NCMI, NDLS, NEU, NFBK, NGNE, NGVC, NICE, NKGN, NPV, NRGV, NUVB, NUVL, NVG, NVS, NWPX, NXT, NXTC, NYMTZ, OCFT, OLK, OLPX, ONMD, OOMA, OPEN, OPTN, OPY, ORC, ORCL, OSUR, OTEX, OUST, PAGS, PBM, PBPB, PERI, PETQ, PEZ, PFD, PHT, PINS, PLAY, PPBI, PPH, PRLB, PRM, PRU, PSCD, PSF, PSO, PSQH, PSTX, PTA, PWFL, PXLW, PZZA, QRTEP, QTRX, QUAD, QVAL, QVCD, RBBN, RCMT, RDDT, RDN, RDWR, REGN, RFI, RGS, RH, RICK, RIGL, RL, RLI, RLTY, ROE, ROL, RPM, RPTX, RRX, RSF, RSKD, RTH, RUSHB, RWODU, SABA, SAH, SAMG, SBRA, SCSC, SCWX, SHEN, SHLS, SHOO, SIGI, SIRI, SLDB, SLRN, SLVM, SNDX, SNFCA, SNY, SOHO, SONO, SONY, SOR, SOUN, SP, SPB, SPCE, SPHR, SPWR, SSSS, ST, STE, STER, STG, STRO, STX, STXD, SUZ, SWZ, SYK, SYY, TBIO, TBLA, TBLD, TBNK, TCI, TCS, TDUP, TDY, TERN, TGNA, THS, TLRY, TLYS, TMHC, TNC, TPR, TRIP, TRP, TRUE, TSE, TTGT, TTMI, TUP, TURN, TVGN, TXMD, UFPI, UHS, ULH, ULTA, UNFI, UNP, USAC, USM, VAL, VAXX, VCEL, VEEV, VERV, VFS, VHC, VIAV, VLD, VMO, VNT, VOD, VRTS, VSMV, VTN, VTRS, VTRU, VYGR, WCN, WFG, WISE, WMB, WOOF, WPRT, WRB, WSO.B, WU, XBP, XERS, XRX, YEXT, YLDE, ZCAR, ZD"
button#screen23,Heikin-Ashi_Uptrends,"ANSC, APXIW, BAYA, BHACW, CCTSU, CLOA, CUTR, GBLI, HSPO, HTFB, INAQ, KCGI, LATGU, NETD, NETDU, NVACW, RANI, RENE, RFAC, RFACW, RILYL, SCM, SCX, SEDA, SHV, TBIL, TCOA, TENK, TETE, THCP, TMTCU, YOTAR"
button#screen25,High_Dividend_Stocks,"AAT, AB, ABEV, AFG, AGCO, AGR, AHH, ALX, AM, AMBP, AMRK, AOMR, APAM, APLE, AQN, ARC, ARCC, ARCH, ASC, ASX, AUBN, AVA, AY, BBW, BCBP, BCC, BCE, BCH, BEP, BFS, BGS, BGSF, BHP, BHR, BLX, BMA, BNS, BRDG, BRT, BSAC, BSBR, BTI, BXP, BXSL, CALM, CAPL, CAR, CATO, CBRL, CCI, CCU, CFFN, CFG, CHCT, CHRD, CIO, CION, CLCO, CLPR, CLPS, CM, CMA, CMCT, CMTG, CNA, COLB, CPF, CPG, CRBG, CRESY, CRK, CSR, CTO, CTRE, CUZ, CWEN, CWH, CYD, D, DDS, DEA, DEI, DKL, DLX, DOC, DOW, DSWL, DVN, E, EGY, ENB, EPD, EPR, EQNR, ET, ETD, ETRN, FA, FANG, FBRT, FCPT, FFIC, FGBI, FIBK, FISI, GBDC, GDEN, GEL, GGB, GHI, GLAD, GLP, GLPI, GMRE, GNK, GOGL, GOOD, GPRK, GRNT, GSL, GTY, HAFC, HAS, HASI, HE, HESM, HIMX, HIW, HMST, HNNA, HP, HR, HSBC, HTBK, HVT, ICL, IFS, IIIN, IIPR, IMOS, ING, IP, JFIN, JHG, KB, KEY, KFFB, KMI, KNTK, KRC, KRO, KSS, KT, KW, LADR, LAUR, LAZ, LEG, LNC, LPG, LTC, LX, LXFR, LXP, LYB, LYG, MAIN, MATV, MCRI, MDV, MED, MGIC, MKTW, MMM, MO, MOV, MPLX, NEWT, NFE, NGVC, NHI, NL, NNN, NPK, NRP, NS, NSA, NTB, NUS, NWBI, NWE, NWG, NWL, NWN, NXRT, NYCB, O, OBDC, OGN, OHI, OKE, OLP, OMF, ONL, OPRA, ORAN, OUT, PAA, PAC, PAGP, PAX, PBA, PDM, PFC, PFE, PFLT, PFS, PHI, PINE, PKE, PM, PWOD, PXD, REFI, RIO, RITM, RMAX, RWT, SAFE, SASR, SAVE, SB, SBGI, SBLK, SBRA, SBSW, SFL, SGU, SHG, SIGA, SITC, SLG, SOI, SPG, SPH, SPOK, SQM, SRL, STLA, STR, STWD, SUN, SVC, T, TBNK, TD, TEF, TFC, TFSL, TRP, TSE, TSLX, TSQ, TU, TXO, UBFO, UGI, UHT, UMC, UMH, USAC, VALE, VFC, VGR, VIA, VICI, VNOM, VTS, VZ, WASH, WB, WBA, WEN, WES, WF, WHR, WLKP, WMB, WPC, WPP, WSBF, WU, XP, XRX"
button#screen27,High_Sharpe_Ratio,"VITL, VCTR, PXD, XOM, PNTG, PEG, GE, PWP, PRMW, PPC, TME, FIP, KEX, BG, CVE, SKYW, CBT, TRGP, IBKR, FIHL, VST, CPG, CMG, IAG, DAL, HBM, VIRT, NGMS, JXN, DVN, SHEL, KAMN, HIPO, PGR, KALU, PRIM, TNC, AEM, MUX, MDU, AESI, WHD, SFM, CENX, CPNG, CMI, SCRM, SWAV, EME, RSG, PRM, CAT, GTES, EVER, CHK, KBR, ERF, RTX, SN, LEVI, NFG, ATMU, TXRH, SM, AGI, CLH, CNM, ESAB, EXK, FEI, CART, MGY, CRMD, OKE, ARIS, GATO, ALSN, SE, AU, DOV, SU, WGS, HMY, CNX, ROOT, PR, PHIN, VNOM, KLG, EVBG, IVCB, FIX, CW, CRS, CDE, BOOT, FTAI, NOG, SA, AME, BXSL, CASY, PWR, MNMD, TFPM, MUR, WMT, STAA, HOOD, NRG, BALL, VFLO, LFMD, DTM, AVNT, AXP, ACGL, NVT, DXPE, XYL, FLS, SG, SCCO, RING, RNA, WFC, WING, ZFOX, COP, KAR, AR, AZZ, WT, ATI, JCI, LLAP, CEG, CRTO, BRRR, CI, WEX, PAAS, ACRV, AAON, IBIT, HIG, GVA, SWN, SMTC, KGS, ETN, IMAX, LMT, SCHW, VZIO, SAN, VVR, HUYA, IESC, DNOW, AACT, SWX, VLTO, EMN, FCX, GPOR, EOG, FSM, EBAY, BSX, VRT, CHRD, MUSA, ERO, STLD, KNTK, ADM, MSTR, AAPD, TAST, BMA, DB, GHM, ETRN, ALPN, LYG, ALK, MAPSW, SERA, EZPW, ARQ, HP, RWODR, GRNT, MPC, KGC, GD, ENV, RANI, HUBB, HRTG, CVNA, BRY, KR, NRIX, STLA, CACI, CLW, MRO, TGT, MLM, TXT, GEO, GOTU, MSA, VTLE, ENLC, FANG, SPXC, EGY, MIR, MCK, DAVE, JANX, OVV, GTLS, TPC, WTTR, AMRK, BJ, FCFS, KIND, CSL, WMB, WM, APP, MAX, ARMK, SCVL, RACE, GM, COIN, CTV, VIST, OXY, BZ, ACVA, AM, HAYN, AMK, MACK, TCOM, WAB, RDNT, TTE, OTIS, BBAR, ASH, ADCT, WIRE, APG, RRC, GHRS, QBTS, ERJ, HL, NKX, OMI, NWG, CONL, DKS, NMM, DVA, TSCO, CHX, CNK, GFI, DD, ARQT, AGR, PH, RVMD, SPOT, CBZ, PDX, BCS, WSM, CAVA, DFS, LUNR, CNQ, THRD, ET, BMI, HWM, EMR, VERI, VIRX, LU, BBVA, MEG, GERN, HCI, EDF, KSPI, MRDB, ANIP, PUBM, ZETA, YUM, MESO, BDTX, ITGR, XLO, PSN, TT, MMM, VMC, KNF, BV, CGAU, PDYN, CTRA, FNV, RJF, EGO, USAP, MPW, CDLX, QNST, CECO, ADMA, SOUNW, VLO, WES, ECL, RBA, TTEK, BAC, DY, AORT, BLX, OWL, LDOS, STOK, DPZ, GUT, RS, DIS, TECK, SPRY, AGTI, CSTE, JBLU, SB, MOD, RNLX, MNY, CWST, SIGA, ANDE, AROC, MTDR, NVO, MSGE, DASH, HAS, FTI, ORN, OR, MTZ, GOGL, CTAS, TROX, RRX, DSGN, HRT, MWA, TG, DCI, RGA, AIRR, SAND, KELYA, HEI.A, NUE, BBW, APH, LPLA, IR, PLMR, TS, TRVI, EQH, TCRX, GBX, NEE, ONON, CTVA, GBIO, IBRX, GSIT, MATV, AISP, NDMO, VVV, NVDA, DOOR, ASTE, SLCA, ELV, CRK, CVX, MLI, GEHC, MCY, TDG, AVO, POWL, EPAC, MTX, GIFI, AZEK, SMR, LNTH, REX, QTWO, GBDC, SOUN, XPO, TNDM, MEDP, FIS, GNK, SIMO, SMCI, CADL, CLS, BECN, GPC, LVTX, KMI, NTRA, NI, FRA, ALL, MOR, SHAK, AQST, SLQT, FCT, TX, NHI, PSMT, LMAT, QFIN, POST, SPR, AG, CR, TDW, ALCC, EHC, MAPS, VNT, MFIC, COR, GDDY, DESP, SKWD, NVDL, C, GNRC, DM, EH, IDN, FLEX, MNR, MPLX, WDH, ZTO, AL, EUFN, VNDA, PNR, MRC, AVDL, RYAN, ETR, STRL, DFLI, VSTO, KYN, PAGP, HRL, BP, BTMD, MOG.A, NMR, SWBI, TOST, AGIO, TOL, COGT, FUSN, LBRT, CVLT, BCYC, TGLS, ALGN, BALY, KRP, LWAY, TSHA, KRUS, IEX, LLY, OXM, TARS, CP, AXON, BLBD, UNM, ING, VTYX, THC, KRO, HCM, AMP, UTHR, PLYA, MYE, LAUR, USFD, META, SUZ, TM, AEE, DGII, AA, IQ, ALV, GRMN, PCAR, CPRT, INFA, ES, AIG, SXT, MBC, DELL, NUVB, ACTG, FBL, IIIV, BRO, DAKT, CIFR, PAA, AWI, WMS, WRK, HEI, ML, YMAB, TSN, FTGC, PACK, CNTA, NEM, PI, LIFWW, MMYT, TILE, AOS, STR, TSLQ, ETJ, PWFL, EW, SPIR, YMM, HIMS, REAL, OPRA, FRPT, SMG, FSLR, IBP, HALO, KTF, IBN, HOWL, EXC, NPWR, APOG, MAIN, FTRE, ITRI, PSX, CGBD, OSCR, EVR, ORI, OPK, OEC, GIS, HOG, GMS, SANA, NVEI, AEP, QD, ABM, CL, TRMB, CROX, NMZ, SLN, AMZN, D, TSDD, TSLS, SUPV, VRCA, LYB, HQY, FERG, NR, ROAD, MMC, PAHC, MU, GCT, SMWB, JPM, IOVA, KRYS, FDMT, CTLT, UAL, SCRMW, CHD, HES, LICY, H, PBH, SLP, CTRE, CGC, BCX, COMT, DOC, B, TDCX, HCSG, IRM, OBDC, AVAV, SLGN, TNET, RES, HSHP, WPM, ABSI, AIR, AMAT, CRH, GCMG, CRON, CLF, PRPL, EWJV, EAT, BAP, AGRO, BSCO, TKO, NOC, THQ, GOLD, SNPO, MODG, ARCB, PRAX, AAP, APLT, ULCC, VSTE, CZOO, TSVT, MORN, FE, UGI, WCN, CINF, ADAP, MNKD, LOW, PBF, EPD, GS, APO, NNOX, AER, GLNG, AVTE, FELE, HUMA, RGR, ARHS, BRK.B, NX, EL, CIVI, ORLY, LYFT, KPTI, WWW, SMFG, ARW, PRCT, SNX, ESI, AIRC, AFG, TMC, BWXT, HII, HEES, ESGL, BRP, BILI, RDW, GGG, VAC, UVE, KIO, EARN, AVY, FUTU, DOW, PHAT, WISH, RDVY, LPX, MRUS, TUR, SAIA, RERE, BKH, ZWS, EXP, AN, NXTC, BKR, RVLV, MGEE, COCO, VERA, PAY, RYAAY, NVDU, ATKR, MCBC, REVG, LXFR, BHE, CSTM, WKC, SOI, SLVM, ELYM, SNBR, KIDS, KNSL, LRMR, HWKN, AVTR, TOUR, BKD, TRIP, PLTR, ARES, ETY, OSK, SANM, JMIA, BTE, PEGA, WFRD, CFLT, ACMR, ODFL, ASPN, JBI, SILK, WDC, AMG, BRFS, PSTG, ELEV, JGLO, RGNX, RUSHA, CG, SR, RLYB, DG, CIFRW, CCCC, EDR, SLM, OUST, MTRX, RCM, CRBG, KMB, CMCO, MAS, ATR, WLK, HEAR, HCA, CMPR, NU, FI, EIG, CGEM, FREY, STZ, VET, FGEN, DK, TRTX, NWE, BDC, CALM, CMS, J, TEVA, MGNX, DEC, IUS, CLBT, SYF, TREX, FLO, CMC, KODK, CAL, MSI, BROS, HLIO, FROG, ACEL, LECO, SPNS, DAPP, EQR, LZ, POR, REYN, DRD, PPL, KB, VONV, DOLE, WTW, APGE, SBOW, CNTB, ADV, WELL, WWD, HTOO, SUP, CRNX, CLFD, ARM, CE, GO, INGN, ABUS, HPK, PASG, GOF, BCO, FTV, HTGC, WS, CNI, NJR, MYRG, NTAP, BGB, AZO, JFR, VTS, KKR, SPHR, NSSC, SDRL, ACIW, JHG, ADUS, ICLR, ARLO, ANGH, L, SYRE, SKLZ, SGMO, YPF, HYLN, GFF, CSPI, RELY, MKC, KOP, TYRA, CXT, CM, DTE, TTD, ONMD, CCD, AMZU, HMC, WLY, GWW, DQ, HUBS, RSI, RXST, REZI, DRS, QRTEA, LAMR, AVB, SO, OGS, SKY, CB, ACM, OC, DXCM, MUFG, SCX, OXSQ, FCN, CHW, SARK, K, AMPY, MA, HIW, PDBC, ENFN, BRCC, AVA, GES, NOMD, BAK, F, KYMR, OGI, NVMI, TPB, TFII, CMPO, SGHT, GIL, TKR, IRS, RL, CRNT, VERX, AEO, MHK, TRIN, MFG, MO, HESM, PRU, DNMR, DRVN, SKE, MERC, BAND, ALLG, IREN, CIG, OGE, JQC"
button#screen28,High_Volume_Stocks,"EGOX, NFLX, CSLR, RWOD, DUOL, RWODR, CNS, TRTL, ALVO, SNPO, RWODW, MAGS, SOJD, CABO, DFGX, HIE, KRMA, PGJ, DCFC, IPXX, GDIV, MPB, SRET, SHPWW, QAT, DTW, IVCA, CMSC, SKGRW, NPAB, QABA, ICLK, HUMAW, PAYOW, NZAC, AACI, QQXT, JZ, DSAQ, FDIV, FLFVR, FCA, SETM, HUDAR, NVACW, KTH, RWODU, FNVTU, EYEG, GHIXU, INFR, CCTSU, TMET, VSACU, TENKU, TLGYU, QETAR, PWUPU, BOCNU, BYNOU"
button#screen31,Low_Volume_Stocks,"BKDT, CIL, CPLS, FGBIP, PABD, PLAO, RFEU, USVN, CHKEL, CMAXW, ESHAR, FIAC, IVCB, RFAC, SVIIW, UIVM, CLRC, INAQ, MCAC, MDCP, MOG.B, NZUS, SPLP, AIB, BKWO, FGM, WEL, AACIW, OXSQG, LATGU, FORTY, HCVI, AOGO, EMLD, HNNAZ, KCGI, NCPB, QCLR, TBMC, EFAS, EFRA, REGCO, FLDB, HSPO, ODDS, ARVR, ONYX, TAP.A, USCT, ATMC, PSWD, BFAC, QTR, XFIX, FEUZ, NPFI, AAGRW, KVACU, AEAE, SBBA, RVMDW, TMTC, ATLCP, ESHA, AADR, ZZZ, GFGF, LGVCW, BAYA, UTRE, RNMC, EICA, STRRP, ISRL, FKU, MNTN, UNIY, ACAB, USCL, WNDY, BOCNW, CITE, ESGLW, JBK, AFJKU, DYCQU, BWAQ, DMAT, TLGYW, SANG, TETE, EKG, ENJ, KFFB, ROCLW, SAY, ANSCU, RWAYL, PSCM, ULVM, PRTC, DVOL, BHACW, BDGS, HUDA, BTEC, HSON, MCSE, HEWG, SLDPW, DDIV, UTWY, SDSI, GBBK, IFIN, PROCW, BOCN, SMRI, LCW, YOTAW, FLN, NAII, UTSI, EFSCP, SIGIP, BHAC, MCAA, IGTAW, WSBCP, SMCO, RCB, ZIONP, ACNT, FCEF, CCSO, NAMSW, GAQ, OXLCP, XFIN, CPIX, UTHY, NYAX, CCM, CMPOW, RCFA, RBCP, FOSLL, USIO, CLBTW, NEUE, RNWWW, FCNCO, HCWB, GAINL, SEDA, GODN, LEE, ATMV, ANSC, GBBKR, NVACR, MAPSW, CSSEL, DIST, AUROW, TPGXL, GCMGW, PT, UCL, FGN, ELPC, BTSGU, VSTE, AACT, MVSTW, CJET, RNLX, ALLG, TDCX, SQNS, ANGH, QH, NUKK, FTXL, PBM, TRUG, CERO, JTAI, IDN, DUO, ALUR, CZOO, ZCAR, PRST, MESO, STI, WIMI, CADL"
button#screen32,MACD_Bearish_Signal_Cross,"AAPB, AAPL, AAPU, BDTX, BZUN, CADL, CGEM, CRS, DDOG, EAF, EVA, FUBO, GFI, GRFS, HA, ICHR, IGMS, INBX, KLG, KOS, LYEL, NIU, OLMA, OMER, PHR, PODD, QQQI, SBSW, SFIX, SST, SYRS, TEAM, TKO, TRTL, VRNA"
button#screen33,MACD_Bullish_Signal_Cross,"AAL, AAPD, ACCD, AHH, ALEX, ALK, AMCX, ARBK, ARCO, ASTS, ATS, BF.B, BITF, BOC, BSCP, BTSG, CASH, CATO, CHD, CNOB, CNP, COGT, COLM, COTY, CSGS, DCOM, DHX, DKL, DOLE, DUK, EE, EFC, EFSC, ELS, ENR, FBK, FC, FCN, FCUV, FDS, FFIC, FPI, FSCO, G, GETY, GPC, GSHD, HMN, HQY, HR, HSHP, HTLF, IDA, IDCC, IGT, INVA, IRON, IVT, KGC, KHC, KMT, KREF, KRG, KTB, LBAI, LBRDA, LBTYA, LBTYK, LEG, LMT, MCB, MCY, MDLZ, MFIC, MMS, MMSI, MRDB, MTB, MWA, NJR, NOK, NSSC, NVS, NWN, OLLI, PAHC, PARA, PCG, PEP, PFC, PFLT, PFS, PG, PNNT, POR, POST, PPT, PUK, RCI, RRGB, SAM, SBGI, SBSI, SBUX, SGMO, SJW, SO, SR, TASK, TMUS, TSLX, UCBI, UGI, VLY, VTR, WFC, WISH, WNS, WPC"
button#screen34,MACD_Reversal,"ABBV, ACN, AMC, AQST, ARVN, ASPS, ATR, ATRC, B, BCYC, BITF, BLMN, CATO, CLX, CME, COTY, CRBU, CSGS, CVGW, EIG, EXFY, FIVE, FMB, GANX, GDRX, GIB, GOTU, GSHD, HAIN, HELE, HOWL, INGR, IRON, KNSL, LESL, MCD, MCS, MMC, MMS, NAC, NOK, NS, NTES, PFMT, PG, POWL, PUK, QRTEA, RCI, REFI, RNW, SNN, SUN, SYF, UA, UAA, VGR, WELL, WISH, WTW, YMAB, ZGN"
button#screen42,On_Balance_Volume_Decreasing,"ATLC, HNDL, NPO, OMAB, RS"
button#screen43,On_Balance_Volume_Increasing,
button#screen44,Parabolic_SAR_Buy_Signals,"AACT, AAN, ADMA, ADTN, AEE, AEFC, AEP, AFCG, AFL, AGL, AHR, AIRL, AJG, ALE, ALIM, ALKT, ALL, AM, AMBP, AMTB, AN, ASGN, ATO, AWK, AWR, AXP, BAC, BALY, BANF, BCE, BFH, BFST, BG, BH.A, BK, BKH, BLX, BNY, BOC, BUI, BXSL, CARE, CATO, CB, CBFV, CBSH, CCBG, CCEP, CEM, CFB, CFG, CFR, CHCO, CHMG, CHSCM, CHTR, CHY, CMCSA, CME, CMS, CNA, CNOB, CNP, CNS, COLM, CPA, CPAC, CPK, CPZ, CRT, CSLR, CSWC, CVLY, CWT, D, DB, DGICA, DHX, DIBS, DKL, DMO, DPG, DTF, DTM, DUK, DX, EE, EG, EIG, ENB, ENR, ERIC, ESGL, ET, ETR, EXC, FBMS, FCN, FDBC, FDP, FDS, FE, FEI, FIF, FINW, FISI, FITB, FLDB, FMB, FMN, FNVTU, FOX, FOXA, FPI, FPL, FSCO, FSK, FTS, FTXG, GAIA, GCI, GDO, GEL, GETY, GIS, GNE, GNTY, GNW, GROV, GTN, GUT, HBT, HE, HELE, HGTY, HMN, HRZN, HTGC, HUMAW, HYI, IMKTA, INDB, INSG, IQI, IRWD, IVCA, IVT, JBI, JHS, K, KGC, KMI, KMPR, KMT, KO, KORE, KRG, KVUE, KYN, L, LBRDA, LBRDK, LHX, LMNR, LND, LNT, LULU, LVHD, LYTS, MAIN, MANU, MCB, MCS, MDST, MFIC, MMS, MO, MPB, MSB, MYFW, NCDL, NEA, NFE, NI, NIC, NJR, NKX, NMFCZ, NOK, NPWR, NUS, NUSB, NUV, NWE, NWN, NXJ, NXP, NYXH, OGE, OGS, OIA, OKE, OMF, OPBK, OWLT, OZK, PARA, PBH, PBR, PBR.A, PCG, PDLB, PEBK, PECO, PNNT, PNW, POST, PPL, PSEC, QETAR, QSR, RBCAA, REGN, RITM, RNW, RSG, RSVR, RWOD, RWODW, SAFT, SBSI, SDIG, SEATW, SFM, SHOP, SID, SIGI, SJM, SJW, SLF, SLN, SMMF, SNAP, SOHON, SR, STEL, SU, SWKHL, SYF, TCBI, TCBX, TD, TEF, TENKU, TLGYU, TPB, TPVG, TR, TSN, TTP, TYG, UA, UAA, UGI, UGIC, USAP, UTL, UVE, VCV, VFC, VGR, VLRS, VPV, VSACU, WASH, WEC, WES, WGMI, WM, WSBF, WTM, WTRG, WWW, XEL, XFIN, YORW, ZUMZ"
button#screen45,Parabolic_SAR_Sell_Signals,"AEAEW, ALSAW, AMED, ANDE, BILI, BNR, BZUN, CCM, CGEM, CNTA, COST, CSTE, DDOG, DWSN, ECDA, ELF, EVGOW, EYE, FIP, FVRR, GDEV, GE, GEGGL, GGLL, GLSTR, GOOG, GOOGL, GRFS, GTI, IEP, IFIN, IGTA, IPXX, ITRI, JZ, KIDS, KRT, LZM, M, MGNX, NIU, NOG, NVACR, NVX, PG, PRCT, PSTG, PWUPW, QTTB, QTWO, RDNT, REPL, RSI, SHCO, SIG, SILK, SP, SWTX, TDCX, TDG, TMC, VRT, WING"
button#screen46,Price_gapped_down_by_2%_or_more,"LI, NFLX, SMCI"
button#screen47,Price_gapped_up_by_2%_or_more,"CNS, MCB, PARA, RWOD"
button#screen48,Recent_Stock_Splits,"BENF, GGB, SBFM, NCNA, GRRR, MRIN, SOXS, WISA, AGEN, CISS, EZGO, FLNT, MI, BON, KOLD, SMSI, NUTX, PSQ, QID, REW, SPXE, SPXN, SPXU, SPXV, SSG, TCON, ALLR, PALI, EDBL, GLAD, RNAC, SNPX, STKH, NVDS, RENT, UCAR, AWIN, DCFC, EMKR, GE, NRXP, XXII, MMM, PLUR, DOYU, ODFL, CTRM, LGVN, TPL, ETAO, QTTB, BERZ, FLYD, FNGD, INTZ, LINK, ATER, BCAN, LENZ, MBRX, MLGO, ADVM, BTTR, CSPI"
button#screen49,RSI_Overbought,"BG, FLO, LMT, TSDD, TSLQ, TSLS"
button#screen50,RSI_Oversold,"ACLS, AIQ, ARM, AUTL, BBIO, CDNS, CHW, CIBR, CRUS, CTMX, DOUG, DRIV, HLT, HMC, JBL, MKSI, MTN, NGNE, NU, ONEQ, PCAR, POOL, SAIA, SNPS, SUM, TECH, TSL, TSLL, TWOU, TWST, VNT, YALA"
button#screen53,TRIX_Bearish_Signal_Cross,"AA, ADC, AG, AGI, AGS, AGZD, ALX, ANAB, AOSL, ARBKL, ATEC, BATRA, BCSA, BDTX, BG, BLDP, BODI, BPT, CAAP, CABA, CAR, CCSI, CCTSW, CDE, CEPU, CHRD, CINT, CLNE, CLRCW, CMCAU, CNMD, COLD, COMP, COMT, DAN, DIOD, DMAT, DNUT, DV, EGO, ELTX, ELVN, FRO, GATO, GBBKR, GE, GH, GMRE, GXO, HAE, HBIO, ICOP, IGMS, INN, INSM, IONS, IRS, KLG, KTF, KVHI, LDI, LLAP, LMND, LOMA, LPG, LWAY, MIST, MLCO, MOLN, MTN, MTTR, NETDW, NFYS, NNAGU, NNI, NVTS, ODV, OMAB, OXSQ, PAC, PAYX, PCG, PDBC, PGRE, PNBK, PTSI, QS, RAMP, RDFN, REVG, REX, RILYN, RILYT, RMAX, RUN, RWODW, RYI, RZB, SBR, SDGR, SENEB, SGHT, SIG, SOHU, SOPH, SREA, STRR, TDOC, TDS, TENKR, TFX, TGS, TLGY, TMC, TSL, TSVT, TTE, TTWO, TV, TWI, TWIN, TWLO, U, UI, UPLD, VECO, VSAT, VTLE, WHFCL, WHG, WRBY, WSO.B, WTI, XENE, XLO"
button#screen54,TRIX_Bullish_Signal_Cross,"ACRS, AIRS, ALK, ALVO, ATMV, BIG, BMI, BNOX, BOCNU, BTU, ECCW, FNKO, FWONK, GECCM, GSBD, HKD, HNVR, HUM, IMKTA, INDB, INVA, ISRLW, MCB, MKTW, MNTN, MPW, NSSC, RFAC, SMMF, SPKL, SPTN, SSIC, SVIIU, TLGYU, TRC, UNH, VCTR, VSACU, WPC, ZIONO, ZUO"
button#screen55,Williams_%R_Overbought,"AEE, AGR, AIR, AKO.B, ALHC, ALK, ALL, ALLY, AMC, AMPY, ANDE, ANSCU, ARCC, ASA, AXP, BALY, BANF, BG, BH, BH.A, BHAC, BOC, BOWN, BOWNR, BSCP, BSL, CCB, CHCO, CHMG, CION, CNC, CNP, CPK, CPSS, CRCT, CRD.A, CRT, CSWC, CTBI, CTO, CURV, CVGW, CVLY, D, DAVEW, DFLI, DHAI, DUK, ECCC, EE, EFSC, ELV, ES, ESGL, ETR, EVC, EXC, FBK, FCBC, FCN, FDP, FFBC, FINW, FITB, FMN, FOX, FSK, GAQ, GBDC, GCMG, GECCO, GIS, GJO, GLAD, GNE, GNTY, GPC, HCC, HCVIW, HE, HLF, HOMB, HRZN, HSHP, HTFC, HTGC, HTLF, HUDA, HUM, IDA, INDB, INSG, IRDM, IROH, ITIC, IVCA, IVT, IXAQ, JRVR, KDP, KFS, KGC, KHC, KMI, KMT, KTN, LANV, LEE, LFCR, LMNR, LNT, LUV, MAIN, MARXR, MCB, MCY, MFIC, MMLP, MOG.B, MRDB, MTB, MYFW, MYNA, NCDL, NHI, NI, NJR, NNI, NPABW, NREF, NSP, NTZ, NVD, NVDD, NVDS, NWN, OBIL, OCSL, OGS, OSBC, OZK, PAHC, PBR, PBR.A, PCG, PEBO, PEP, PFC, PGR, PM, PNNT, PNW, POR, RBB, RIO, RTX, SAFT, SCHW, SCRMW, SEAT, SENEA, SFM, SLN, SMMF, SO, SPFI, SPTN, SR, STRS, SWKH, TAST, TETE, THRD, TKC, TLGYW, TRC, TRIS, TSN, TTP, UFCS, UGI, UGIC, UVV, VRCA, VRIG, WINA, WMK, WTM, XEL, XFIN, XOMAP, YSG, ZIONL, ZUMZ"
button#screen56,Williams_%R_Oversold,"ABNB, ACAD, ACI, AER, AGNCO, AISP, AIXI, ALIM, ALUR, AMTD, API, APYX, ATRA, AUROW, AVRO, AXR, BB, BBVA, BMBL, BODI, BOLD, BRLT, BTCM, CA, CAMT, CART, CC, CCLD, CCNEP, CGEM, CHN, CHX, CMC, CMG, CMPO, CMPOW, CMRX, CSWCZ, CTBB, CTDD, CXSE, CYD, DAY, DDOG, DHCNL, DIOD, DLO, DNA, DOCU, DUO, DUOL, DWSN, DXCM, DXJS, EBON, ECCX, ECX, EDU, EFSCP, ENZ, EQS, ERJ, ETJ, FBL, FICO, FSD, GBAB, GBBKR, GDDY, GEG, GLBE, GLST, GNFT, GRID, GTI, GUTS, HCWB, HEPS, HLXB, HTLFP, HTOO, HURC, HUYA, HWBK, HWKN, IFS, IHTA, IIIV, IMUX, IPB, IRON, ISSC, IVAC, JPI, JTAIZ, KAR, KC, KIRK, KMDA, KYMR, LBTYB, LI, LIVN, LOPE, LVTX, LYEL, LYRA, LZM, M, MARX, MBLY, MCHS, MEI, META, MFLX, MNY, MQ, MSSAW, MXL, MYN, NAVI, NBR, NBTX, NICK, NIO, NMZ, NOAH, NPCT, NRDY, NRIX, NVDA, NVDL, NVDU, NVMI, NXJ, NXN, NYC, OFS, ONON, OPRA, OTIS, OXLCM, OXY, PBI, PEPG, PHG, PHR, PI, PINS, PLBY, PMTS, PMX, PROV, PRST, PRSTW, PSTG, PWUPU, PWUPW, QBTS, QMCO, QSG, RDNT, RFIL, RILYG, RILYN, RNA, RUMBW, SBLK, SCOR, SEER, SGHT, SHPW, SMAR, SMCI, SNN, SNSE, SOCL, SOHON, SOLV, SP, SSBI, SSL, SVIIW, SYRE, TCOM, TCRX, TCS, TDG, TLPH, TLSI, TPG, TRIB, TSQ, TTEK, UDMY, UP, URNJ, USOI, VAC, VALN, VERA, VRNA, VRT, VTEX, WB, WING, WST, XLO, YOTAW, YQ, YY, ZH, ZIONP, ZLAB, ZTS"
