Report Date,Symbol,Name,Last,Change,% Change, Options Tot Vol , Options OI ,Options IV 1y,Options % Change 1m, Call Vol , Put Vol ,Put/Call,
24-10-17,FOLD,AmicusTherape,12.24,1.74,16.57%," 29,864 "," 18,972 ",37.40%,1764.17%," 17,113 "," 12,751 ",0.7451,157.4%
24-10-17,CLW,ClearwaterPap,28.04,0.05,0.18%," 4,930 "," 3,005 ",100.00%,1475.08%," 3,512 "," 1,418 ",0.4038,164.1%
24-10-17,MIRM,MirumPharmace,39.42,-0.36,-0.90%," 4,515 "," 4,650 ",35.49%,1400.00%," 2,261 "," 2,254 ",0.9969,97.1%
24-10-17,INFY,InfosysLtdAD,22.57,-0.33,-1.46%," 48,728 "," 68,574 ",40.76%,1351.97%," 4,448 "," 44,280 ",9.955,71.1%
24-10-17,APPN,AppianCorpCl,30.93,-0.18,-0.56%," 6,558 "," 8,194 ",55.28%,1054.58%, 211 ," 6,347 ",30.0806,80.0%
24-10-17,IRDM,IridiumCommI,34.19,3.99,13.20%," 11,953 "," 20,704 ",42.55%,938.49%," 4,864 "," 7,089 ",1.4574,57.7%
24-10-17,GEVO,GevoInc,2.75,0.5,22.22%," 48,506 "," 92,377 ",38.69%,891.33%," 31,737 "," 16,769 ",0.5284,52.5%
24-10-17,ELV,ElevanceHealt,438.16,-58.8,-11.83%," 39,748 "," 45,091 ",59.64%,847.51%," 12,983 "," 26,765 ",2.0615,88.2%
24-10-17,MOH,MolinaHealthc,289.67,-41.33,-12.49%," 3,428 "," 9,493 ",100.00%,767.85%," 1,602 "," 1,826 ",1.1398,36.1%
24-10-17,WLK,WestlakeCorp,139.67,-2.46,-1.73%," 4,273 "," 12,844 ",90.09%,726.50%, -   ," 4,273 ",999.99,33.3%
24-10-17,PRGO,PerrigoCompan,25.05,0.66,2.71%," 9,816 "," 33,934 ",92.22%,713.26%," 9,619 ", 197 ,0.0205,28.9%
24-10-17,CCK,CrownCork&S,94.15,0.11,0.12%," 14,959 "," 40,021 ",85.69%,703.82%," 7,852 "," 7,107 ",0.9051,37.4%
24-10-17,ST,SensataTechno,35.95,0.04,0.11%," 9,770 "," 16,243 ",85.23%,656.78%," 9,738 ", 32 ,0.0033,60.1%
24-10-17,OTIS,OtisWorldwide,105.03,-0.1,-0.10%," 10,300 "," 30,288 ",82.02%,652.37%," 10,205 ", 95 ,0.0093,34.0%
24-10-17,RF,RegionsFinanc,24.05,0.07,0.29%," 12,925 "," 92,382 ",72.75%,643.67%," 11,342 "," 1,583 ",0.1396,14.0%
24-10-17,YETI,YetiHoldings,39.43,-1.14,-2.81%," 7,880 "," 33,972 ",76.93%,643.40%," 1,613 "," 6,267 ",3.8853,23.2%
24-10-17,CNC,CenteneCorp,62.59,-6.71,-9.68%," 45,733 "," 107,274 ",100.00%,619.86%," 8,983 "," 36,750 ",4.0911,42.6%
24-10-17,NNOX,Nano-XImaging,6.03,0.03,0.50%," 10,392 "," 92,489 ",13.44%,606.94%," 5,306 "," 5,086 ",0.9585,11.2%
24-10-17,MVIS,Microvision,1.115,-0.01,-1.33%," 14,705 "," 71,571 ",25.18%,572.69%," 14,059 ", 646 ,0.0459,20.5%
24-10-17,UUUU,EnergyFuelsI,6.64,0.04,0.67%," 36,454 "," 127,354 ",100.00%,566.80%," 34,904 "," 1,550 ",0.0444,28.6%
24-10-17,VICR,VicorCorp,41.26,1.03,2.56%," 3,395 "," 5,903 ",66.10%,561.79%," 3,312 ", 83 ,0.0251,57.5%
24-10-17,CMPS,CompassPathwa,6.25,-0.03,-0.48%," 5,302 "," 30,220 ",33.82%,553.76%, 119 ," 5,183 ",43.5546,17.5%
24-10-17,CTVA,CortevaInc,58.52,-0.43,-0.73%," 3,832 "," 23,571 ",78.97%,539.73%," 3,746 ", 86 ,0.023,16.3%
24-10-17,TSM,TaiwanSemicon,207.29,19.81,10.57%," 933,274 "," 1,614,694 ",56.36%,525.79%," 612,945 "," 320,329 ",0.5226,57.8%
24-10-17,LAC,LithiumAmeric,3.2,-0.09,-2.77%," 34,467 "," 140,100 ",57.19%,497.87%," 17,933 "," 16,534 ",0.922,24.6%
24-10-17,ULCC,FrontierGroup,6.28,0.07,1.05%," 10,189 "," 27,775 ",79.18%,491.35%," 10,171 ", 18 ,0.0018,36.7%
24-10-17,EFX,EquifaxInc,282.17,-7.79,-2.68%," 5,934 "," 15,844 ",33.81%,483.48%," 2,131 "," 3,803 ",1.7846,37.5%
24-10-17,BRZE,BrazeIncClA,30.25,-0.44,-1.44%," 3,988 "," 12,285 ",23.00%,474.64%," 3,896 ", 92 ,0.0236,32.5%
24-10-17,GRMN,GarminLtd,166.62,-0.48,-0.29%," 5,714 "," 17,835 ",92.58%,464.62%, 184 ," 5,530 ",30.0543,32.0%
24-10-17,M,MacInc,16.2,-0.06,-0.34%," 76,223 "," 326,233 ",57.95%,454.67%," 72,513 "," 3,710 ",0.0512,23.4%
24-10-17,FITB,FifthThirdBa,45.37,0.39,0.86%," 19,505 "," 116,030 ",59.21%,437.62%," 11,459 "," 8,046 ",0.7022,16.8%
24-10-17,AMLX,AmylyxPharmac,4.03,-0.05,-1.10%," 3,811 "," 25,616 ",26.06%,424.21%," 3,238 ", 573 ,0.177,14.9%
24-10-17,LCID,LucidGroupIn,2.68,-0.6,-18.14%," 264,832 "," 1,608,832 ",42.48%,422.66%," 122,301 "," 142,531 ",1.1654,16.5%
24-10-17,CBRL,CrackerBarrel,49.43,1.72,3.61%," 15,014 "," 41,658 ",43.40%,409.29%," 14,027 ", 987 ,0.0704,36.0%
24-10-17,TRV,TheTravelers,264.93,21.98,9.05%," 5,521 "," 20,044 ",37.78%,393.83%," 3,619 "," 1,902 ",0.5256,27.5%
24-10-17,EXPE,ExpediaGroup,158.41,7.57,5.02%," 23,334 "," 92,980 ",73.69%,393.11%," 12,125 "," 11,209 ",0.9245,25.1%
24-10-17,ISRG,IntuitiveSurg,472.92,-3.67,-0.77%," 18,469 "," 68,397 ",75.41%,384.75%," 8,609 "," 9,860 ",1.1453,27.0%
24-10-17,SLQT,SelectquoteIn,2.11,-0.14,-6.22%," 4,520 "," 31,353 ",9.24%,374.79%," 4,109 ", 411 ,0.1,14.4%
24-10-17,CSX,CSXCorp,33.24,-2.23,-6.27%," 23,272 "," 174,553 ",44.91%,371.09%," 11,428 "," 11,844 ",1.0364,13.3%
24-10-17,NE,NobleCorpPlc,33.32,0.46,1.40%," 7,130 "," 60,419 ",98.78%,344.24%," 5,926 "," 1,204 ",0.2032,11.8%
24-10-17,SNBR,SleepNumberC,16.01,-0.82,-4.87%," 3,711 "," 10,844 ",29.31%,332.52%," 3,544 ", 167 ,0.0471,34.2%
24-10-17,ASML,AsmlHoldings,698.95,15.43,2.26%," 102,461 "," 207,889 ",65.71%,326.92%," 54,726 "," 47,735 ",0.8723,49.3%
24-10-17,PRQR,ProqrTherapeu,4.31,0.29,7.21%," 6,542 "," 27,406 ",22.77%,314.05%," 6,131 ", 411 ,0.067,23.9%
24-10-17,NXT,NextrackerInc,33.83,-1.21,-3.45%," 10,025 "," 76,993 ",82.89%,307.85%," 5,197 "," 4,828 ",0.929,13.0%
24-10-17,WSC,WillscotHoldi,36.83,-0.47,-1.25%," 13,389 "," 74,050 ",74.43%,306.47%," 10,205 "," 3,184 ",0.312,18.1%
24-10-17,MCHP,MicrochipTech,76.75,0.86,1.13%," 21,887 "," 229,521 ",85.12%,293.79%," 9,531 "," 12,356 ",1.2964,9.5%
24-10-17,TSEM,TowerSemicond,43.73,-0.06,-0.14%," 16,688 "," 105,308 ",78.86%,291.00%," 16,610 ", 78 ,0.0047,15.8%
24-10-17,CYH,CommunityHeal,5.95,0.03,0.59%," 8,430 "," 86,733 ",48.15%,290.28%," 8,396 ", 34 ,0.004,9.7%
24-10-17,AXP,AmericanExpre,285.67,3.99,1.41%," 56,723 "," 309,129 ",89.08%,288.11%," 26,329 "," 30,394 ",1.1544,18.3%
24-10-17,AKAM,AkamaiTechnol,104.85,1.27,1.23%," 8,611 "," 180,073 ",54.59%,286.84%," 8,079 ", 532 ,0.0658,4.8%
24-10-17,WEN,WendysCompany,19.8,-0.19,-0.98%," 11,996 "," 68,595 ",72.11%,286.47%," 3,114 "," 8,882 ",2.8523,17.5%
24-10-17,ALLY,AllyFinancial,35.85,-0.08,-0.24%," 34,630 "," 210,550 ",87.11%,262.92%," 17,933 "," 16,697 ",0.9311,16.4%
24-10-17,LEU,CentrusEnergy,79.65,2.26,2.92%," 13,567 "," 36,882 ",100.00%,258.82%," 7,653 "," 5,914 ",0.7728,36.8%
24-10-17,BX,BlackstoneInc,170.39,10.68,6.69%," 54,534 "," 390,272 ",42.24%,258.52%," 31,499 "," 23,035 ",0.7313,14.0%
24-10-17,SMR,NuscalePower,18.43,-0.64,-3.36%," 67,790 "," 233,466 ",75.71%,256.79%," 57,344 "," 10,446 ",0.1822,29.0%
24-10-17,OWL,BlueOwlCapit,23.34,0.99,4.45%," 5,973 "," 59,540 ",43.18%,253.01%," 4,943 "," 1,030 ",0.2084,10.0%
24-10-17,CB,ChubbLtd,300.72,7.62,2.60%," 6,262 "," 61,150 ",61.65%,243.50%," 4,463 "," 1,799 ",0.4031,10.2%
24-10-17,BMBL,BumbleInc,7.1,0.1,1.43%," 12,458 "," 119,547 ",81.60%,241.69%," 12,054 ", 404 ,0.0335,10.4%
24-10-17,IGT,International,20.63,-0.1,-0.51%," 4,744 "," 45,203 ",22.52%,235.74%, 26 ," 4,718 ",181.4615,10.5%
24-10-17,TER,TeradyneInc,128.17,1.17,0.92%," 6,206 "," 54,694 ",95.30%,228.53%, 528 ," 5,678 ",10.7538,11.3%
24-10-17,PLNT,PlanetFitness,78.63,-1.43,-1.79%," 3,933 "," 29,997 ",84.12%,228.30%," 1,728 "," 2,205 ",1.276,13.1%
24-10-17,WAL,WesternAllian,93.97,2.28,2.49%," 6,282 "," 56,546 ",56.31%,224.99%," 3,720 "," 2,562 ",0.6887,11.1%
24-10-17,KLAC,KLA-TencorC,672.24,-10.35,-1.52%," 5,935 "," 29,893 ",70.09%,220.12%," 2,353 "," 3,582 ",1.5223,19.9%
24-10-17,CLMT,CalumetInc,22.44,0.51,2.35%," 20,125 "," 179,129 ",71.58%,217.03%," 14,702 "," 5,423 ",0.3689,11.2%
24-10-17,TFC,TruistFinanci,43.19,-1.34,-3.01%," 34,632 "," 286,935 ",37.31%,208.36%," 9,060 "," 25,572 ",2.8225,12.1%
24-10-17,STNG,ScorpioTanker,66.49,-0.36,-0.54%," 10,363 "," 128,936 ",34.34%,206.05%," 5,154 "," 5,209 ",1.0107,8.0%
24-10-17,IOVA,IovanceBiothe,10.26,0.89,9.45%," 17,671 "," 183,191 ",23.28%,204.99%," 15,860 "," 1,811 ",0.1142,9.6%
24-10-17,WMG,WarnerMusicG,32.1,0.18,0.56%," 5,690 "," 70,671 ",23.79%,195.28%," 5,677 ", 13 ,0.0023,8.1%
24-10-17,OKLO,OkloInc,16.12,-0.42,-2.54%," 92,092 "," 181,100 ",64.15%,195.08%," 72,566 "," 19,526 ",0.2691,50.9%
24-10-17,PNR,PentairLtd,99.2,-0.28,-0.28%," 3,527 "," 24,793 ",55.19%,194.41%," 3,401 ", 126 ,0.037,14.2%
24-10-17,EOSE,EosEnergyEnt,3.38,-0.07,-1.88%," 51,580 "," 501,435 ",9.05%,189.58%," 24,647 "," 26,933 ",1.0927,10.3%
24-10-17,LQDA,LiquidiaCorp,11.46,-0.17,-1.46%," 7,335 "," 94,605 ",13.14%,187.99%," 1,404 "," 5,931 ",4.2244,7.8%
24-10-17,UEC,UraniumEnergy,8.4,0.44,5.46%," 35,074 "," 211,269 ",84.64%,187.80%," 31,799 "," 3,275 ",0.103,16.6%
24-10-17,DNN,DenisonMines,2.22,0.04,1.83%," 25,985 "," 319,186 ",60.23%,187.70%," 24,766 "," 1,219 ",0.0492,8.1%
24-10-17,SRPT,SareptaTherap,124.63,-1.29,-1.02%," 4,553 "," 56,843 ",8.44%,185.45%, 837 ," 3,716 ",4.4397,8.0%
24-10-17,CCI,CrownCastleI,111.56,-4.12,-3.56%," 5,582 "," 66,748 ",18.03%,184.07%," 2,111 "," 3,471 ",1.6442,8.4%
24-10-17,D,DominionEnerg,60.18,-0.37,-0.61%," 7,648 "," 119,106 ",37.74%,183.68%," 7,074 ", 574 ,0.0811,6.4%
24-10-17,NFLX,NetflixInc,689.22,-12.78,-1.82%," 236,927 "," 540,892 ",79.05%,183.26%," 117,383 "," 119,544 ",1.0184,43.8%
24-10-17,PG,Procter&Gamb,172.45,0.07,0.04%," 51,493 "," 352,160 ",83.50%,181.43%," 32,236 "," 19,257 ",0.5974,14.6%
24-10-17,KGC,KinrossGoldC,10.19,0.16,1.60%," 22,497 "," 266,594 ",16.51%,180.97%," 20,684 "," 1,813 ",0.0877,8.4%
24-10-17,GFI,GoldFieldsLt,17.27,0.92,5.63%," 6,334 "," 117,548 ",6.42%,180.02%," 4,019 "," 2,315 ",0.576,5.4%
24-10-17,PLAY,Dave&Buster,38.47,1.67,4.52%," 5,204 "," 63,654 ",35.75%,173.03%," 1,920 "," 3,284 ",1.7104,8.2%
24-10-17,PSTG,PureStorageI,56.03,2.61,4.89%," 5,630 "," 79,545 ",27.23%,171.85%," 5,199 ", 431 ,0.0829,7.1%
24-10-17,EQX,EquinoxGoldC,5.53,-0.35,-5.95%," 7,208 "," 186,317 ",18.89%,170.37%," 5,600 "," 1,608 ",0.2871,3.9%
24-10-17,RXRX,RecursionPhar,6.65,-0.36,-5.14%," 9,340 "," 115,703 ",11.63%,169.63%," 8,755 ", 585 ,0.0668,8.1%
24-10-17,HMY,HarmonyGoldM,11.44,0.86,8.08%," 5,682 "," 44,577 ",41.55%,167.39%," 4,159 "," 1,523 ",0.3662,12.7%
24-10-17,SLS,SellasLifeSc,1.244,-0.01,-0.48%," 3,903 "," 145,438 ",33.77%,167.33%," 3,885 ", 18 ,0.0046,2.7%
24-10-17,DBRG,Digitalbridge,15.84,0.24,1.54%," 6,536 "," 120,740 ",40.87%,161.13%," 1,332 "," 5,204 ",3.9069,5.4%
24-10-17,HBAN,HuntingtonBan,15.45,-0.39,-2.43%," 8,588 "," 105,649 ",39.15%,161.03%," 5,796 "," 2,792 ",0.4817,8.1%
24-10-17,NMRA,NeumoraTherap,16.8,0.12,0.72%," 4,274 "," 40,234 ",63.99%,159.66%," 1,773 "," 2,501 ",1.4106,10.6%
24-10-17,HUMA,HumacyteInc,6.07,0.26,4.48%," 10,145 "," 71,259 ",59.40%,157.88%," 4,491 "," 5,654 ",1.259,14.2%
24-10-17,AA,AlcoaCorp,40.27,-1.8,-4.28%," 48,964 "," 313,820 ",38.73%,155.42%," 34,985 "," 13,979 ",0.3996,15.6%
24-10-17,APO,ApolloAssetM,145.45,2.6,1.82%," 41,624 "," 406,210 ",46.48%,150.31%," 34,360 "," 7,264 ",0.2114,10.2%
24-10-17,ACLX,ArcellxInc,96.05,3.05,3.28%," 4,560 "," 39,697 ",77.25%,144.37%," 2,085 "," 2,475 ",1.1871,11.5%
24-10-17,MRNA,ModernaInc,55.13,-2.33,-4.05%," 134,624 "," 554,070 ",100.00%,142.59%," 31,530 "," 103,094 ",3.2697,24.3%
24-10-17,SYM,SymboticInc,29.49,0.65,2.25%," 20,192 "," 144,193 ",28.42%,142.31%," 10,626 "," 9,566 ",0.9002,14.0%
24-10-17,MGNI,MagniteInc,12.27,0.25,2.12%," 9,582 "," 105,184 ",67.74%,142.03%, 902 ," 8,680 ",9.6231,9.1%
24-10-17,NTES,NeteaseIncAD,79.72,-2.14,-2.61%," 13,644 "," 76,729 ",60.72%,139.75%," 2,178 "," 11,466 ",5.2645,17.8%
24-10-17,LRCX,LamResearchC,73.51,-0.63,-0.85%," 87,075 "," 823,977 ",81.23%,138.94%," 46,285 "," 40,790 ",0.8813,10.6%
24-10-17,NNE,NanoNuclearE,18.83,-2.62,-12.19%," 7,792 "," 8,035 ",79.08%,135.27%," 6,040 "," 1,752 ",0.2901,97.0%
24-10-17,SRRK,ScholarRockH,29.28,0.28,0.95%," 10,894 "," 54,388 ",36.24%,132.03%," 6,777 "," 4,117 ",0.6075,20.0%
24-10-17,CLOV,CloverHealth,4.24,-0.02,-0.35%," 95,904 "," 350,927 ",22.56%,131.56%," 83,106 "," 12,798 ",0.154,27.3%
24-10-17,SG,SweetgreenInc,35.84,-2.1,-5.54%," 11,082 "," 112,043 ",63.97%,121.42%," 8,013 "," 3,069 ",0.383,9.9%
24-10-17,DLTR,DollarTreeIn,67.58,-0.44,-0.65%," 124,411 "," 276,253 ",56.35%,119.76%," 6,614 "," 117,797 ",17.8103,45.0%
24-10-17,ASPN,AspenAerogels,22.75,-2.66,-10.45%," 12,134 "," 89,362 ",85.48%,119.74%," 10,229 "," 1,905 ",0.1862,13.6%
24-10-17,CRSP,CrisprTherape,48.61,-0.39,-0.80%," 12,300 "," 75,502 ",44.99%,119.13%," 2,716 "," 9,584 ",3.5287,16.3%
24-10-17,GERN,GeronCorp,4.07,-0.1,-2.28%," 3,945 "," 84,028 ",13.08%,118.56%, 963 ," 2,982 ",3.0966,4.7%
24-10-17,BIIB,BiogenInc,189.5,0.5,0.26%," 7,626 "," 52,143 ",63.36%,117.02%," 1,788 "," 5,838 ",3.2651,14.6%
24-10-17,HIVE,HiveDigitalT,3.31,-0.14,-4.20%," 6,035 "," 141,308 ",16.51%,114.01%," 5,506 ", 529 ,0.0961,4.3%
24-10-17,AU,AnglogoldAsha,29.41,1.41,5.02%," 3,644 "," 106,743 ",29.42%,112.73%," 3,257 ", 387 ,0.1188,3.4%
24-10-17,BMRN,BiomarinPharm,69.64,-0.52,-0.74%," 9,637 "," 52,508 ",50.11%,111.94%, 901 ," 8,736 ",9.6959,18.4%
24-10-17,FLUT,FlutterEntert,234.01,6.01,2.64%," 5,279 "," 43,000 ",45.39%,111.67%," 1,118 "," 4,161 ",3.7218,12.3%
24-10-17,WMB,WilliamsCompa,51.56,0.19,0.37%," 7,394 "," 224,611 ",55.75%,107.64%," 6,145 "," 1,249 ",0.2033,3.3%
24-10-17,STWD,StarwoodPrope,20.3,-0.01,-0.07%," 6,467 "," 142,837 ",14.67%,104.46%, 366 ," 6,101 ",16.6694,4.5%
24-10-17,DVA,DavitaHealthc,159.93,-4.89,-2.97%," 3,473 "," 52,270 ",71.33%,103.70%," 1,424 "," 2,049 ",1.4389,6.6%
24-10-17,BWXT,BwxTechnologi,125.44,0.75,0.60%," 4,141 "," 27,022 ",84.59%,102.69%," 3,587 ", 554 ,0.1544,15.3%
24-10-17,GEO,GeoGroupInc,15.26,0.07,0.46%," 15,282 "," 266,223 ",88.99%,100.50%," 13,917 "," 1,365 ",0.0981,5.7%
24-10-17,DUK,DukeEnergyCo,120.61,0.83,0.69%," 6,216 "," 115,758 ",51.82%,99.49%," 5,658 ", 558 ,0.0986,5.4%
24-10-17,DHR,DanaherCorp,271.52,3.49,1.30%," 12,454 "," 125,752 ",80.49%,97.62%," 10,472 "," 1,982 ",0.1893,9.9%
24-10-17,CMA,ComericaInc,63.13,0.81,1.29%," 6,882 "," 83,615 ",52.05%,97.02%," 2,570 "," 4,312 ",1.6778,8.2%
24-10-17,UNFI,UnitedNatFoo,22.24,1.12,5.30%," 3,853 "," 39,842 ",8.21%,94.40%," 2,698 "," 1,155 ",0.4281,9.7%
24-10-17,HLF,HerbalifeLtd,6.78,-0.22,-3.07%," 5,458 "," 164,854 ",52.49%,92.05%, 797 ," 4,661 ",5.8482,3.3%
24-10-17,ELAN,ElancoAnimal,12.86,-0.4,-2.98%," 5,932 "," 92,917 ",68.69%,90.49%," 5,140 ", 792 ,0.1541,6.4%
24-10-17,AAL,AmericanAirli,12.85,-0.04,-0.31%," 263,569 "," 3,582,466 ",70.33%,88.95%," 103,899 "," 159,670 ",1.5368,7.4%
24-10-17,MDB,MongodbIncCl,271.62,-6.77,-2.43%," 20,624 "," 173,996 ",22.12%,88.43%," 4,681 "," 15,943 ",3.4059,11.9%
24-10-17,IRM,IronMountain,124.61,1.19,0.96%," 3,408 "," 68,955 ",93.74%,88.08%," 3,139 ", 269 ,0.0857,4.9%
24-10-17,FIVN,Five9Inc,29.66,-0.21,-0.70%," 3,394 "," 49,411 ",95.71%,84.26%, 611 ," 2,783 ",4.5548,6.9%
24-10-17,YUM,Yum!Brands,133.59,0.24,0.18%," 5,146 "," 75,520 ",53.50%,81.45%," 2,845 "," 2,301 ",0.8088,6.8%
24-10-17,TLN,TalenEnergyC,176.93,5.88,3.44%," 4,666 "," 31,120 ",44.65%,80.50%," 3,112 "," 1,554 ",0.4994,15.0%
24-10-17,AFRM,AffirmHolding,44.43,-3.54,-7.38%," 146,763 "," 663,471 ",50.70%,79.73%," 104,719 "," 42,044 ",0.4015,22.1%
24-10-17,AI,C3.AiIncClA,25.68,-0.49,-1.85%," 98,253 "," 511,811 ",20.37%,78.07%," 91,129 "," 7,124 ",0.0782,19.2%
24-10-17,CART,MaplebearInc,42.81,0.82,1.96%," 9,011 "," 83,060 ",20.31%,77.49%," 7,897 "," 1,114 ",0.1411,10.8%
24-10-17,TMUS,T-MobileUS,221.91,2.15,0.98%," 14,126 "," 236,895 ",87.98%,77.13%," 4,097 "," 10,029 ",2.4479,6.0%
24-10-17,CLF,Cleveland-Clif,13.6,0.55,4.25%," 60,501 "," 865,581 ",97.85%,76.29%," 47,182 "," 13,319 ",0.2823,7.0%
24-10-17,SERV,ServeRobotics,8.69,-0.31,-3.39%," 9,582 "," 57,206 ",34.51%,76.24%," 5,000 "," 4,582 ",0.9164,16.7%
24-10-17,AZN,AstrazenecaPl,77.97,-0.34,-0.43%," 12,084 "," 134,453 ",100.00%,75.54%," 4,982 "," 7,102 ",1.4255,9.0%
24-10-17,ETN,EatonCorp,349.02,7.92,2.32%," 6,421 "," 73,669 ",50.79%,69.29%," 3,660 "," 2,761 ",0.7544,8.7%
24-10-17,FAST,FastenalCompa,77.29,-0.48,-0.62%," 5,535 "," 75,466 ",43.41%,68.39%," 4,502 "," 1,033 ",0.2295,7.3%
24-10-17,SU,SuncorEnergy,38.97,0.31,0.82%," 9,752 "," 162,708 ",43.65%,68.08%," 5,287 "," 4,465 ",0.8445,6.0%
24-10-17,CME,CMEGroupInc,227.48,0.31,0.14%," 4,329 "," 52,470 ",51.16%,66.89%," 2,944 "," 1,385 ",0.4704,8.3%
24-10-17,MS,MorganStanley,119.53,0.02,0.02%," 49,680 "," 788,192 ",25.16%,66.27%," 27,936 "," 21,744 ",0.7784,6.3%
24-10-17,RBRK,RubrikIncCl,39.1,0.23,0.59%," 4,228 "," 34,654 ",8.92%,65.87%," 2,048 "," 2,180 ",1.0645,12.2%
24-10-17,ON,OnSemiconduct,69.34,0.31,0.45%," 24,348 "," 257,183 ",85.71%,64.95%," 18,627 "," 5,721 ",0.3071,9.5%
24-10-17,BTDR,BitdeerTechno,8.12,-0.23,-2.75%," 4,965 "," 137,090 ",26.16%,64.57%," 3,380 "," 1,585 ",0.4689,3.6%
24-10-17,CCJ,CamecoCorp,56.97,1.19,2.13%," 79,719 "," 531,059 ",40.94%,63.84%," 62,495 "," 17,224 ",0.2756,15.0%
24-10-17,DFS,DiscoverFinan,149.77,2.24,1.52%," 8,999 "," 84,800 ",78.67%,62.52%," 3,558 "," 5,441 ",1.5292,10.6%
24-10-17,UAL,UnitedAirline,74.08,2.07,2.87%," 113,235 "," 985,293 ",43.99%,61.85%," 50,451 "," 62,784 ",1.2445,11.5%
24-10-17,RIOT,RiotPlatforms,9.15,0.07,0.72%," 154,457 "," 1,121,050 ",45.69%,59.33%," 129,197 "," 25,260 ",0.1955,13.8%
24-10-17,NVAX,NovavaxInc,10.3,0.15,1.43%," 44,585 "," 392,708 ",63.56%,56.70%," 26,962 "," 17,623 ",0.6536,11.4%
24-10-17,PLL,PiedmontLithi,11.33,-0.92,-7.51%," 5,320 "," 40,327 ",60.28%,55.46%," 1,947 "," 3,373 ",1.7324,13.2%
24-10-17,APH,AmphenolCorp,67.42,0.42,0.63%," 9,636 "," 148,345 ",76.81%,55.32%," 2,929 "," 6,707 ",2.2899,6.5%
24-10-17,BEN,FranklinResou,20.64,0.09,0.46%," 4,864 "," 86,325 ",74.25%,55.25%, 335 ," 4,529 ",13.5194,5.6%
24-10-17,UNP,UnionPacific,240.93,-7.17,-2.89%," 5,451 "," 112,634 ",82.19%,53.55%," 3,710 "," 1,741 ",0.4693,4.8%
24-10-17,CRBG,CorebridgeFin,31.87,0.8,2.57%," 8,199 "," 84,663 ",53.70%,53.34%, 860 ," 7,339 ",8.5337,9.7%
24-10-17,HUT,Hut8Corp,12.87,-0.03,-0.23%," 11,879 "," 218,930 ",62.82%,53.22%," 5,263 "," 6,616 ",1.2571,5.4%
24-10-17,UAA,UnderArmour,9.39,-0.11,-1.16%," 4,946 "," 151,824 ",81.06%,52.98%," 3,161 "," 1,785 ",0.5647,3.3%
24-10-17,WOLF,WolfspeedInc,16.53,0.63,3.96%," 39,911 "," 566,548 ",66.21%,52.61%," 31,461 "," 8,450 ",0.2686,7.0%
24-10-17,RDFN,RedfinCorp,10.62,-0.55,-4.92%," 29,767 "," 346,187 ",60.89%,52.60%," 27,010 "," 2,757 ",0.1021,8.6%
24-10-17,FI,FiservInc,196.24,-1.46,-0.74%," 4,647 "," 48,003 ",65.62%,51.86%," 2,720 "," 1,927 ",0.7085,9.7%
24-10-17,CHWY,ChewyInc,29.31,0.03,0.10%," 39,414 "," 395,276 ",9.10%,51.19%," 34,333 "," 5,081 ",0.148,10.0%
24-10-17,SOUN,SoundhoundAi,5.27,0.02,0.38%," 77,804 "," 700,104 ",23.22%,49.95%," 72,159 "," 5,645 ",0.0782,11.1%
24-10-17,CELH,CelsiusHoldin,32.1,-1.68,-4.97%," 113,869 "," 623,167 ",73.47%,49.13%," 76,162 "," 37,707 ",0.4951,18.3%
24-10-17,INTU,IntuitInc,609.86,0.47,0.08%," 6,447 "," 74,388 ",29.08%,48.79%," 1,116 "," 5,331 ",4.7769,8.7%
24-10-17,AGI,AlamosGoldIn,20.19,0.22,1.09%," 3,758 "," 139,318 ",60.84%,48.07%," 2,721 "," 1,037 ",0.3811,2.7%
24-10-17,AVGO,BroadcomLtd,182.79,5.97,3.38%," 311,646 "," 2,388,190 ",42.56%,47.72%," 223,546 "," 88,100 ",0.3941,13.0%
24-10-17,BK,BankofNewYo,77.69,0.39,0.50%," 4,724 "," 93,916 ",42.59%,47.35%," 3,059 "," 1,665 ",0.5443,5.0%
24-10-17,MDT,MedtronicInc,89.98,-0.01,-0.01%," 11,981 "," 200,338 ",38.82%,46.50%," 10,290 "," 1,691 ",0.1643,6.0%
24-10-17,AMAT,AppliedMateri,184.59,0,0.00%," 35,290 "," 337,488 ",60.02%,46.22%," 19,032 "," 16,258 ",0.8542,10.5%
24-10-17,MARA,MaraHoldings,17.99,-0.09,-0.53%," 325,072 "," 1,480,774 ",29.23%,45.09%," 259,146 "," 65,926 ",0.2544,22.0%
24-10-17,UNH,UnitedhealthG,568.67,-2.67,-0.47%," 28,866 "," 246,830 ",55.44%,44.97%," 17,478 "," 11,388 ",0.6516,11.7%
24-10-17,NOK,NokiaCorpADR,4.32,-0.14,-3.03%," 18,463 "," 424,715 ",8.68%,44.31%," 10,887 "," 7,576 ",0.6959,4.3%
24-10-17,WBA,WalgreensBoot,10.51,-0.56,-5.06%," 109,480 "," 1,127,915 ",32.91%,43.82%," 70,501 "," 38,979 ",0.5529,9.7%
24-10-17,PZZA,PapaJohIn,54.74,0.99,1.84%," 4,181 "," 127,429 ",64.58%,42.31%," 3,209 ", 972 ,0.3029,3.3%
24-10-17,MAR,MarriotIntCl,264.31,1.74,0.66%," 3,738 "," 60,644 ",42.00%,42.18%," 2,980 ", 758 ,0.2544,6.2%
24-10-17,WDC,WesternDigita,67.35,-0.44,-0.66%," 22,130 "," 382,709 ",82.72%,40.34%," 16,537 "," 5,593 ",0.3382,5.8%
24-10-17,ALAB,AsteraLabsIn,65.63,0.04,0.05%," 14,623 "," 143,305 ",27.00%,40.20%," 7,014 "," 7,609 ",1.0848,10.2%
24-10-17,TGT,TargetCorp,155.8,-3.07,-1.93%," 36,312 "," 444,894 ",32.77%,39.67%," 14,075 "," 22,237 ",1.5799,8.2%
24-10-17,CSCO,CiscoSystems,56.17,-0.22,-0.38%," 68,986 "," 1,118,026 ",46.20%,38.49%," 55,360 "," 13,626 ",0.2461,6.2%
24-10-17,HON,HoneywellInte,218.98,0.02,0.01%," 8,357 "," 135,533 ",84.45%,37.43%," 6,299 "," 2,058 ",0.3267,6.2%
24-10-17,RUN,SunrunInc,14.63,-0.77,-5.03%," 36,583 "," 652,698 ",72.64%,36.77%," 24,903 "," 11,680 ",0.469,5.6%
24-10-17,DE,Deere&Compan,404.39,-4.98,-1.22%," 7,416 "," 86,557 ",33.50%,36.62%," 3,373 "," 4,043 ",1.1986,8.6%
24-10-17,JWN,Nordstrom,24.34,-0.08,-0.33%," 4,222 "," 156,501 ",29.40%,36.19%," 4,143 ", 79 ,0.0191,2.7%
24-10-17,UBER,UberTechnolog,80.28,-1.63,-1.98%," 141,188 "," 1,260,587 ",50.25%,35.55%," 87,429 "," 53,759 ",0.6149,11.2%
24-10-17,LYV,LiveNationEn,115.06,0.65,0.57%," 5,713 "," 125,786 ",56.69%,33.33%," 2,850 "," 2,863 ",1.0046,4.5%
24-10-17,IP,International,46.62,-1.36,-2.84%," 3,818 "," 161,405 ",41.31%,33.26%," 1,051 "," 2,767 ",2.6327,2.4%
24-10-17,KMI,KinderMorgan,24.81,-0.12,-0.48%," 27,859 "," 646,570 ",52.14%,33.12%," 20,025 "," 7,834 ",0.3912,4.3%
24-10-17,FLR,FluorCorp,53.65,-0.96,-1.76%," 7,882 "," 122,995 ",70.13%,32.83%," 5,932 "," 1,950 ",0.3287,6.4%
24-10-17,MRK,Merck&Compan,109.81,-0.61,-0.55%," 47,663 "," 425,285 ",100.00%,31.32%," 7,026 "," 40,637 ",5.7838,11.2%
24-10-17,DELL,DellTechnolog,129.36,2.63,2.08%," 73,722 "," 623,403 ",34.58%,31.30%," 47,201 "," 26,521 ",0.5619,11.8%
24-10-17,MNST,MonsterBevera,53.47,-0.12,-0.21%," 5,444 "," 141,349 ",81.35%,30.83%, 498 ," 4,946 ",9.9317,3.9%
24-10-17,EQT,EqtCorp,36.93,0.25,0.68%," 13,750 "," 372,661 ",69.34%,30.79%," 7,051 "," 6,699 ",0.9501,3.7%
24-10-17,YOU,ClearSecureI,37.42,0.07,0.19%," 4,125 "," 83,702 ",92.09%,29.92%," 1,717 "," 2,408 ",1.4024,4.9%
24-10-17,CLSK,CleansparkInc,11.7,-0.14,-1.14%," 119,270 "," 999,448 ",45.23%,29.36%," 89,027 "," 30,243 ",0.3397,11.9%
24-10-17,DKNG,DraftkingsInc,37.7,0.5,1.34%," 57,860 "," 710,057 ",59.68%,28.93%," 40,598 "," 17,262 ",0.4252,8.1%
24-10-17,DXCM,DexcomInc,69.62,-0.28,-0.40%," 10,797 "," 164,687 ",95.66%,28.87%," 2,995 "," 7,802 ",2.605,6.6%
24-10-17,HOOD,RobinhoodMark,26.41,-0.52,-1.95%," 169,634 "," 1,387,097 ",60.23%,28.45%," 129,668 "," 39,966 ",0.3082,12.2%
24-10-17,AIG,AmericanInter,78.84,1.7,2.20%," 7,757 "," 201,290 ",71.67%,28.38%," 5,074 "," 2,683 ",0.5288,3.9%
24-10-17,USB,U.S.Bancorp,50.08,0.88,1.78%," 15,277 "," 303,531 ",42.81%,28.01%," 10,676 "," 4,601 ",0.431,5.0%
24-10-17,STM,Stmicroelectro,27.53,0.27,1.01%," 7,068 "," 138,368 ",95.22%,27.70%, 851 ," 6,217 ",7.3055,5.1%
24-10-17,TMO,ThermoFisher,597.44,5.89,1.00%," 3,544 "," 58,089 ",75.55%,27.57%," 1,709 "," 1,835 ",1.0737,6.1%
24-10-17,S,SentineloneIn,26,0.01,0.04%," 10,265 "," 250,274 ",17.15%,27.40%," 7,288 "," 2,977 ",0.4085,4.1%
24-10-17,FUTU,FutuHoldings,88.83,-6.42,-6.73%," 63,222 "," 210,800 ",43.73%,26.62%," 24,454 "," 38,768 ",1.5853,30.0%
24-10-17,BBIO,BridgebioPhar,26.31,-0.03,-0.11%," 5,373 "," 126,790 ",19.39%,26.48%," 4,900 ", 473 ,0.0965,4.2%
24-10-17,NVDA,NvidiaCorp,137.93,2.21,1.63%," 4,868,791 "," 27,345,066 ",33.60%,26.31%," 3,300,354 "," 1,568,437 ",0.4752,17.8%
24-10-17,CPRI,CapriHoldings,42.75,-0.16,-0.37%," 29,523 "," 805,444 ",100.00%,26.06%," 8,070 "," 21,453 ",2.6584,3.7%
24-10-17,C,CitigroupInc,64.29,0.04,0.07%," 134,829 "," 2,368,024 ",36.60%,26.02%," 91,098 "," 43,731 ",0.48,5.7%
24-10-17,SATS,EchostarCorp,25.77,0.06,0.23%," 6,973 "," 383,901 ",61.70%,25.84%," 6,801 ", 172 ,0.0253,1.8%
24-10-17,SOFI,SofiTechnolog,9.85,-0.19,-1.84%," 346,520 "," 3,063,810 ",51.31%,25.64%," 203,492 "," 143,028 ",0.7029,11.3%
24-10-17,TEVA,TevaPharmaceu,17.97,-0.06,-0.31%," 12,182 "," 525,256 ",54.22%,25.48%," 6,386 "," 5,796 ",0.9076,2.3%
24-10-17,VRT,VertivHolding,114.57,2.88,2.58%," 35,526 "," 381,357 ",63.01%,25.14%," 23,808 "," 11,718 ",0.4922,9.3%
24-10-17,KEY,Keycorp,17.35,-0.35,-1.95%," 8,436 "," 240,275 ",41.95%,25.05%," 5,803 "," 2,633 ",0.4537,3.5%
24-10-17,DVN,DevonEnergyC,40.35,-0.34,-0.84%," 41,248 "," 565,455 ",66.10%,24.63%," 14,922 "," 26,326 ",1.7642,7.3%
24-10-17,FSLR,FirstSolarIn,204.27,-1.35,-0.66%," 41,374 "," 502,194 ",97.88%,24.26%," 13,208 "," 28,166 ",2.1325,8.2%
24-10-17,AEHR,AehrTestSyst,14.89,0.67,4.71%," 5,802 "," 59,883 ",19.83%,23.45%," 4,902 ", 900 ,0.1836,9.7%
24-10-17,ABBV,AbbvieInc,189.25,-1.21,-0.64%," 17,363 "," 344,846 ",97.26%,23.13%," 6,664 "," 10,699 ",1.6055,5.0%
24-10-17,BITF,BitfarmsLtd,1.89,-0.04,-2.07%," 8,865 "," 481,974 ",17.96%,21.84%," 8,193 ", 672 ,0.082,1.8%
24-10-17,GOOG,AlphabetClC,164.67,-2.07,-1.24%," 115,847 "," 1,317,518 ",75.15%,21.27%," 73,436 "," 42,411 ",0.5775,8.8%
24-10-17,JNJ,Johnson&John,164.31,0.03,0.02%," 27,654 "," 403,532 ",26.72%,18.90%," 18,407 "," 9,247 ",0.5024,6.9%
24-10-17,LULU,LululemonAthl,284.89,-9.32,-3.17%," 25,408 "," 229,038 ",43.27%,18.62%," 14,005 "," 11,403 ",0.8142,11.1%
24-10-17,ADBE,AdobeSystems,496.19,-6.35,-1.26%," 34,628 "," 337,217 ",20.09%,18.41%," 16,308 "," 18,320 ",1.1234,10.3%
24-10-17,SILV,SilvercrestMe,10.32,0.01,0.15%," 3,421 "," 102,673 ",49.93%,17.92%," 2,138 "," 1,283 ",0.6001,3.3%
24-10-17,WBD,DiscoveryInc,7.72,-0.28,-3.56%," 22,728 "," 991,537 ",61.10%,17.89%," 17,909 "," 4,819 ",0.2691,2.3%
24-10-17,ENPH,EnphaseEnergy,91.95,-1.18,-1.27%," 33,280 "," 312,821 ",95.92%,17.87%," 13,474 "," 19,806 ",1.4699,10.6%
24-10-17,KKR,KKR&Company,138.38,2.71,2.00%," 7,677 "," 130,688 ",56.38%,16.72%," 6,044 "," 1,633 ",0.2702,5.9%
24-10-17,WPM,WheatonPrecio,63.61,0.87,1.39%," 4,745 "," 84,343 ",53.51%,15.93%," 4,090 ", 655 ,0.1601,5.6%
24-10-17,GOOGL,AlphabetClA,163.06,-2.1,-1.27%," 216,604 "," 2,647,556 ",76.31%,15.86%," 135,898 "," 80,706 ",0.5939,8.2%
24-10-17,WFC,WellsFargo&,64.53,0.64,1.00%," 88,300 "," 1,468,654 ",50.91%,15.85%," 51,970 "," 36,330 ",0.6991,6.0%
24-10-17,SMCI,SuperMicroCo,47.64,-1.11,-2.28%," 521,025 "," 4,319,914 ",66.45%,15.84%," 362,347 "," 158,678 ",0.4379,12.1%
24-10-17,GNRC,GeneracHoldin,167.98,-6.23,-3.58%," 7,091 "," 75,160 ",41.72%,15.77%," 4,323 "," 2,768 ",0.6403,9.4%
24-10-17,YUMC,YumChinaHold,43.13,-0.94,-2.13%," 7,587 "," 135,359 ",55.82%,15.11%," 4,839 "," 2,748 ",0.5679,5.6%
24-10-17,SQ,BlockInc,73.65,0.13,0.17%," 68,542 "," 691,077 ",55.78%,14.66%," 57,564 "," 10,978 ",0.1907,9.9%
24-10-17,NUE,NucorCorp,157.98,3.71,2.40%," 5,469 "," 112,071 ",91.80%,14.03%," 4,190 "," 1,279 ",0.3053,4.9%
24-10-17,BTBT,BitDigitalIn,3.91,0.02,0.41%," 8,171 "," 245,892 ",25.66%,13.68%," 6,374 "," 1,797 ",0.2819,3.3%
24-10-17,DASH,DoordashIncC,151.04,1.18,0.79%," 21,001 "," 266,800 ",52.75%,11.67%," 18,864 "," 2,137 ",0.1133,7.9%
24-10-17,PANW,PaloAltoNetw,376.05,2.82,0.76%," 25,256 "," 421,436 ",46.10%,11.35%," 18,425 "," 6,831 ",0.3707,6.0%
24-10-17,SBUX,StarbucksCorp,95.15,-0.31,-0.32%," 43,428 "," 958,855 ",76.35%,11.34%," 26,414 "," 17,014 ",0.6441,4.5%
24-10-17,MRVL,MarvellTechno,80.36,-1.32,-1.62%," 38,853 "," 593,189 ",38.13%,11.06%," 27,327 "," 11,526 ",0.4218,6.5%
24-10-17,ANF,Abercrombie&,162.26,-1.52,-0.93%," 9,839 "," 131,541 ",30.88%,11.02%," 2,634 "," 7,205 ",2.7354,7.5%
24-10-17,DD,DupontDenemou,84.99,-0.3,-0.35%," 5,447 "," 159,088 ",79.52%,10.58%," 3,898 "," 1,549 ",0.3974,3.4%
24-10-17,SYF,SynchronyFina,57.03,0.51,0.90%," 4,941 "," 131,974 ",71.64%,9.82%," 3,498 "," 1,443 ",0.4125,3.7%
24-10-17,TJX,TJXCompanies,117.33,-0.07,-0.06%," 8,576 "," 220,040 ",43.93%,9.54%," 6,430 "," 2,146 ",0.3337,3.9%
24-10-17,GS,GoldmanSachs,530.91,1.05,0.20%," 28,474 "," 275,895 ",41.95%,8.87%," 16,294 "," 12,180 ",0.7475,10.3%
24-10-17,SEDG,SolaredgeTech,17.69,-0.88,-4.71%," 13,190 "," 258,202 ",99.31%,8.67%," 4,094 "," 9,096 ",2.2218,5.1%
24-10-17,DG,DollarGeneral,81.73,-0.5,-0.61%," 18,609 "," 276,685 ",38.06%,8.61%," 8,730 "," 9,879 ",1.1316,6.7%
24-10-17,RCAT,RedCatHoldin,3.05,-0.15,-4.84%," 4,126 "," 46,888 ",25.14%,8.38%," 3,033 "," 1,093 ",0.3604,8.8%
24-10-17,GEV,GEVernovaInc,273.3,-1.47,-0.53%," 7,887 "," 125,162 ",70.26%,8.20%," 6,012 "," 1,875 ",0.3119,6.3%
24-10-17,CAPR,CapricorThera,18.72,-1.8,-8.75%," 9,895 "," 79,865 ",25.74%,8.00%," 6,839 "," 3,056 ",0.4468,12.4%
24-10-17,SLB,SchlumbergerN,43.94,0.26,0.58%," 25,911 "," 529,503 ",65.38%,6.85%," 14,779 "," 11,132 ",0.7532,4.9%
24-10-17,LYFT,LyftIncClA,13.56,0.17,1.27%," 39,597 "," 629,819 ",52.30%,6.68%," 18,844 "," 20,753 ",1.1013,6.3%
24-10-17,ASTS,AstSpacemobil,28.43,0.21,0.74%," 65,459 "," 591,910 ",31.58%,6.66%," 49,761 "," 15,698 ",0.3155,11.1%
24-10-17,NVO,NovoNordiskA,118.35,0.32,0.27%," 29,135 "," 320,569 ",71.64%,6.64%," 11,868 "," 17,267 ",1.4549,9.1%
24-10-17,ARM,ArmHoldingsP,155.08,2.58,1.69%," 62,794 "," 867,584 ",31.35%,5.37%," 40,978 "," 21,816 ",0.5324,7.2%
24-10-17,BHVN,BiohavenLtd,52.13,0.66,1.28%," 3,894 "," 51,723 ",64.64%,5.13%," 3,849 ", 45 ,0.0117,7.5%
24-10-17,CVNA,CarvanaCompan,192.66,-0.74,-0.38%," 83,939 "," 560,411 ",31.14%,3.67%," 72,126 "," 11,813 ",0.1638,15.0%
24-10-17,SNAP,SnapInc,10.39,-0.37,-3.44%," 56,574 "," 1,326,091 ",75.56%,3.30%," 31,493 "," 25,081 ",0.7964,4.3%
24-10-17,IONQ,IonqInc,12.44,0.14,1.14%," 28,661 "," 260,453 ",58.07%,3.26%," 21,515 "," 7,146 ",0.3321,11.0%
24-10-17,NXE,NexgenEnergy,8.18,0.15,1.81%," 9,354 "," 280,887 ",44.47%,2.90%," 7,898 "," 1,456 ",0.1844,3.3%
24-10-17,RILY,B.RileyFinan,5.92,0.48,8.84%," 39,646 "," 405,034 ",45.22%,2.69%," 17,243 "," 22,403 ",1.2993,9.8%
24-10-17,EL,EsteeLauderC,90.58,-0.26,-0.29%," 16,455 "," 295,505 ",63.01%,2.50%," 2,622 "," 13,833 ",5.2757,5.6%
24-10-17,BILL,BillHoldings,56.39,0.87,1.57%," 3,710 "," 90,274 ",56.42%,2.18%," 3,234 ", 476 ,0.1472,4.1%
24-10-17,OKTA,OktaIncClA,74.56,-1.17,-1.54%," 8,842 "," 185,842 ",14.45%,1.98%," 6,735 "," 2,107 ",0.3128,4.8%
24-10-17,ROKU,RokuInc,77.41,-0.15,-0.19%," 25,314 "," 287,549 ",60.63%,1.14%," 19,225 "," 6,089 ",0.3167,8.8%
24-10-17,STX,SeagateTechno,112.63,0.9,0.81%," 3,596 "," 113,427 ",74.67%,1.07%," 2,206 "," 1,390 ",0.6301,3.2%
24-10-17,YPF,YpfSociedadA,25.11,0.23,0.92%," 3,335 "," 131,198 ",23.47%,-0.09%," 1,218 "," 2,117 ",1.7381,2.5%
24-10-17,FCEL,FuelcellEnerg,0.3284,-0.01,-2.70%," 5,753 "," 226,934 ",37.21%,-0.38%," 5,524 ", 229 ,0.0415,2.5%
24-10-17,SAVA,CassavaScienc,29.85,0.22,0.73%," 17,299 "," 230,190 ",70.71%,-0.51%," 13,124 "," 4,175 ",0.3181,7.5%
24-10-17,ALB,AlbemarleCorp,94.79,-3.46,-3.52%," 15,069 "," 335,752 ",81.26%,-0.72%," 5,965 "," 9,104 ",1.5262,4.5%
24-10-17,JPM,JPMorganChas,224.6,0.96,0.43%," 79,212 "," 993,334 ",42.24%,-0.92%," 52,132 "," 27,080 ",0.5195,8.0%
24-10-17,BLK,BlackrockInc,1006.53,-9.22,-0.91%," 3,330 "," 52,236 ",35.71%,-1.04%," 2,031 "," 1,299 ",0.6396,6.4%
24-10-17,BKNG,BookingHoldin,4372.12,34.85,0.80%," 4,225 "," 53,841 ",67.81%,-1.12%," 1,754 "," 2,471 ",1.4088,7.8%
24-10-17,RDDT,RedditIncCl,76.74,-0.53,-0.68%," 17,089 "," 157,763 ",12.78%,-1.32%," 7,100 "," 9,989 ",1.4069,10.8%
24-10-17,CGC,CanopyGrowth,4.26,0,0.12%," 11,900 "," 567,894 ",14.18%,-1.34%," 10,430 "," 1,470 ",0.1409,2.1%
24-10-17,HUM,HumanaInc,262.78,7.21,2.82%," 30,271 "," 219,479 ",80.96%,-1.51%," 10,741 "," 19,530 ",1.8183,13.8%
24-10-17,TDOC,TeladocHealth,9.45,-0.33,-3.37%," 9,979 "," 207,991 ",87.70%,-2.13%," 7,547 "," 2,432 ",0.3222,4.8%
24-10-17,CEG,Constellation,273.55,-6.25,-2.23%," 18,448 "," 195,934 ",72.01%,-2.18%," 12,766 "," 5,682 ",0.4451,9.4%
24-10-17,SBSW,SibanyeGoldL,4.06,0.02,0.45%," 4,711 "," 313,730 ",41.12%,-2.20%," 2,971 "," 1,740 ",0.5857,1.5%
24-10-17,BA,BoeingCompany,155.43,0.53,0.34%," 125,266 "," 1,144,411 ",82.10%,-2.32%," 80,733 "," 44,533 ",0.5516,10.9%
24-10-17,PINS,PinterestInc,33.15,-0.22,-0.67%," 25,116 "," 526,244 ",80.21%,-2.36%," 20,087 "," 5,029 ",0.2504,4.8%
24-10-17,ZM,ZoomVideoCom,70.17,1.24,1.79%," 23,109 "," 422,662 ",16.52%,-2.54%," 19,765 "," 3,344 ",0.1692,5.5%
24-10-17,O,RealtyIncome,64.06,-0.18,-0.27%," 4,053 "," 122,486 ",34.65%,-3.25%," 1,214 "," 2,839 ",2.3386,3.3%
24-10-17,DIS,WaltDisneyCo,96.25,-0.5,-0.52%," 70,642 "," 1,198,613 ",70.25%,-3.76%," 43,980 "," 26,662 ",0.6062,5.9%
24-10-17,PM,PhilipMorris,119.94,-0.95,-0.79%," 8,437 "," 216,427 ",99.71%,-4.37%," 6,661 "," 1,776 ",0.2666,3.9%
24-10-17,BSX,BostonScienti,86.54,-0.46,-0.53%," 4,838 "," 221,481 ",70.25%,-4.63%," 1,516 "," 3,322 ",2.1913,2.2%
24-10-17,ULTA,UltaBeautyIn,371.58,-1.63,-0.44%," 10,805 "," 119,273 ",40.02%,-4.86%," 6,437 "," 4,368 ",0.6786,9.1%
24-10-17,DECK,DeckersOutdoo,160.46,-0.7,-0.43%," 3,595 "," 89,001 ",84.68%,-5.32%," 2,296 "," 1,299 ",0.5658,4.0%
24-10-17,MU,MicronTechnol,112.56,3.32,3.04%," 272,445 "," 1,902,687 ",39.49%,-5.37%," 196,971 "," 75,474 ",0.3832,14.3%
24-10-17,KHC,KraftHeinzCo,35.88,0.06,0.18%," 11,872 "," 351,345 ",61.36%,-5.50%," 8,720 "," 3,152 ",0.3615,3.4%
24-10-17,TXN,TexasInstrume,199.35,-1.35,-0.67%," 8,723 "," 284,488 ",85.79%,-5.60%," 5,777 "," 2,946 ",0.51,3.1%
24-10-17,QCOM,QualcommInc,172.6,1.12,0.65%," 47,732 "," 750,310 ",83.59%,-6.49%," 31,226 "," 16,506 ",0.5286,6.4%
24-10-17,X,UnitedStates,37.8,-0.17,-0.45%," 35,113 "," 1,572,831 ",78.15%,-6.72%," 9,624 "," 25,489 ",2.6485,2.2%
24-10-17,NTR,NutrienLtd,48.03,0.03,0.07%," 4,809 "," 145,649 ",45.67%,-6.73%," 1,594 "," 3,215 ",2.0169,3.3%
24-10-17,VALE,ValeS.A.ADR,10.74,-0.23,-2.14%," 39,286 "," 2,127,390 ",56.02%,-7.02%," 25,598 "," 13,688 ",0.5347,1.8%
24-10-17,PCG,PacificGas&,20.3,-0.21,-1.02%," 5,713 "," 417,046 ",25.33%,-7.38%," 2,683 "," 3,030 ",1.1293,1.4%
24-10-17,BBWI,Bath&BodyWo,32.05,-0.42,-1.29%," 3,462 "," 131,374 ",45.94%,-7.41%," 2,732 ", 730 ,0.2672,2.6%
24-10-17,GILD,GileadScience,87.3,0.55,0.63%," 6,938 "," 260,418 ",66.52%,-7.81%," 4,661 "," 2,277 ",0.4885,2.7%
24-10-17,SAVE,SpiritAirline,1.515,-0.12,-7.06%," 24,117 "," 929,238 ",89.22%,-7.86%," 8,971 "," 15,146 ",1.6883,2.6%
24-10-17,VST,VistraEnergy,130.07,-5.62,-4.14%," 51,063 "," 437,071 ",83.02%,-7.88%," 33,597 "," 17,466 ",0.5199,11.7%
24-10-17,BIDU,BaiduIncADR,91.91,-3.36,-3.53%," 64,323 "," 504,191 ",48.92%,-8.44%," 30,799 "," 33,524 ",1.0885,12.8%
24-10-17,JOBY,JobyAviation,5.49,-0.07,-1.17%," 12,711 "," 285,036 ",43.58%,-8.80%," 6,600 "," 6,111 ",0.9259,4.5%
24-10-17,NEM,NewmontMining,56.63,0.36,0.63%," 27,413 "," 830,992 ",61.18%,-10.42%," 22,796 "," 4,617 ",0.2025,3.3%
24-10-17,BAC,BankofAmeric,42.74,-0.06,-0.15%," 136,872 "," 3,312,357 ",38.16%,-10.45%," 80,860 "," 56,012 ",0.6927,4.1%
24-10-17,W,WayfairInc,52.38,-1.95,-3.59%," 13,037 "," 282,093 ",52.92%,-11.12%," 4,276 "," 8,761 ",2.0489,4.6%
24-10-17,HAL,HalliburtonCo,28.89,-0.41,-1.42%," 17,141 "," 420,842 ",83.36%,-11.61%," 8,904 "," 8,237 ",0.9251,4.1%
24-10-17,TD,TorontoDomini,56.39,0.04,0.07%," 4,359 "," 112,372 ",37.02%,-12.03%," 1,407 "," 2,952 ",2.0981,3.9%
24-10-17,QS,QuantumscapeC,5.31,-0.2,-3.63%," 9,856 "," 432,065 ",28.80%,-12.22%," 8,579 "," 1,277 ",0.1489,2.3%
24-10-17,VOD,VodafoneGrpP,9.74,-0.11,-1.12%," 3,906 "," 185,208 ",41.13%,-12.42%," 2,710 "," 1,196 ",0.4413,2.1%
24-10-17,BBY,BestBuyCompa,96.35,-2.33,-2.36%," 11,423 "," 187,505 ",25.57%,-12.48%," 4,954 "," 6,469 ",1.3058,6.1%
24-10-17,JD,Jd.comIncADR,38.78,-1.76,-4.35%," 178,522 "," 1,910,072 ",53.19%,-12.89%," 114,134 "," 64,388 ",0.5641,9.3%
24-10-17,MSFT,MicrosoftCorp,416.73,0.61,0.15%," 203,760 "," 2,494,470 ",71.85%,-13.37%," 121,470 "," 82,290 ",0.6775,8.2%
24-10-17,RKT,RocketCompani,17.88,-0.71,-3.82%," 10,795 "," 190,734 ",75.44%,-14.26%," 3,100 "," 7,695 ",2.4823,5.7%
24-10-17,NIO,NioIncADR,5.09,-0.43,-7.71%," 266,789 "," 3,162,788 ",33.78%,-14.47%," 173,574 "," 93,215 ",0.537,8.4%
24-10-17,CVS,CVSCorp,63.74,-1.28,-1.97%," 43,650 "," 700,420 ",54.65%,-14.64%," 21,797 "," 21,853 ",1.0026,6.2%
24-10-17,EBAY,EbayInc,65.74,-1.18,-1.77%," 5,497 "," 143,156 ",63.31%,-14.64%," 3,091 "," 2,406 ",0.7784,3.8%
24-10-17,TEAM,AtlassianCorp,188.73,-0.62,-0.33%," 3,423 "," 70,116 ",74.40%,-14.83%," 1,182 "," 2,241 ",1.8959,4.9%
24-10-17,JKS,JinkosolarHol,19.78,-1.16,-5.54%," 4,099 "," 54,409 ",52.84%,-14.91%," 1,406 "," 2,693 ",1.9154,7.5%
24-10-17,COP,Conocophillips,105.86,0.69,0.66%," 12,734 "," 344,670 ",83.36%,-15.13%," 7,606 "," 5,128 ",0.6742,3.7%
24-10-17,LI,LiAutoIncAD,23.74,-1.32,-5.29%," 26,081 "," 427,908 ",41.59%,-15.27%," 17,423 "," 8,658 ",0.4969,6.1%
24-10-17,ETSY,EtsyInc,50.47,-2.06,-3.92%," 13,960 "," 328,412 ",77.50%,-15.37%," 5,970 "," 7,990 ",1.3384,4.3%
24-10-17,RBLX,RobloxCorpCl,39.92,-1.47,-3.54%," 38,829 "," 607,144 ",59.62%,-15.51%," 19,997 "," 18,832 ",0.9417,6.4%
24-10-17,ANET,AristaNetwork,409.67,3.6,0.89%," 6,257 "," 112,740 ",58.21%,-16.04%," 4,176 "," 2,081 ",0.4983,5.5%
24-10-17,DJT,TrumpMedia&,30.16,-1.1,-3.52%," 148,542 "," 963,782 ",100.00%,-16.32%," 83,731 "," 64,811 ",0.774,15.4%
24-10-17,AMZN,Amazon.comInc,187.33,0.44,0.24%," 359,157 "," 4,038,521 ",54.97%,-16.91%," 268,155 "," 91,002 ",0.3394,8.9%
24-10-17,CL,Colgate-Palmol,100.43,-0.76,-0.75%," 4,723 "," 122,449 ",59.33%,-17.13%," 4,216 ", 507 ,0.1203,3.9%
24-10-17,GIS,GeneralMills,70.86,-0.14,-0.19%," 3,670 "," 82,778 ",23.88%,-17.16%," 1,146 "," 2,524 ",2.2024,4.4%
24-10-17,COF,CapitalOneFi,159.39,1.32,0.84%," 6,727 "," 134,986 ",88.20%,-17.54%," 4,159 "," 2,568 ",0.6175,5.0%
24-10-17,ELF,E.L.F.Beauty,107.52,0.44,0.41%," 10,804 "," 135,195 ",100.00%,-18.31%," 5,448 "," 5,356 ",0.9831,8.0%
24-10-17,STLA,StellantisN.V,12.95,-0.07,-0.58%," 12,390 "," 477,799 ",95.81%,-18.63%," 4,012 "," 8,378 ",2.0882,2.6%
24-10-17,GOLD,BarrickGoldC,20.41,0.47,2.33%," 32,820 "," 1,339,389 ",28.33%,-18.69%," 24,044 "," 8,776 ",0.365,2.5%
24-10-17,IREN,IrisEnergyLt,9,-0.35,-3.74%," 34,282 "," 858,612 ",44.95%,-19.33%," 30,190 "," 4,092 ",0.1355,4.0%
24-10-17,SPOT,SpotifyTechno,369,-2.69,-0.72%," 9,477 "," 191,919 ",77.43%,-19.43%," 3,823 "," 5,654 ",1.4789,4.9%
24-10-17,BP,BPPlcADR,31.33,0.4,1.28%," 19,703 "," 546,382 ",68.41%,-19.44%," 12,292 "," 7,411 ",0.6029,3.6%
24-10-17,MCD,McDonalCor,314.69,1.77,0.57%," 12,586 "," 230,191 ",64.34%,-19.95%," 5,356 "," 7,230 ",1.3499,5.5%
24-10-17,PBR,PetroleoBrasi,14.31,-0.09,-0.66%," 19,993 "," 1,301,761 ",36.98%,-20.02%," 9,245 "," 10,748 ",1.1626,1.5%
24-10-17,UPST,UpstartHoldin,51.03,-3.35,-6.15%," 62,952 "," 483,413 ",64.06%,-20.78%," 34,641 "," 28,311 ",0.8173,13.0%
24-10-17,COIN,CoinbaseGloba,205.18,-5.3,-2.52%," 177,265 "," 1,154,943 ",72.44%,-20.86%," 118,415 "," 58,850 ",0.497,15.3%
24-10-17,PLUG,PlugPowerInc,2.04,-0.03,-1.69%," 17,084 "," 962,451 ",42.13%,-21.13%," 14,543 "," 2,541 ",0.1747,1.8%
24-10-17,TTD,TradeDeskInc,117.96,0.02,0.02%," 12,115 "," 255,719 ",55.31%,-21.22%," 7,445 "," 4,670 ",0.6273,4.7%
24-10-17,AEM,Agnico-EagleM,82.27,0.06,0.07%," 3,363 "," 175,152 ",75.43%,-21.28%," 2,788 ", 575 ,0.2062,1.9%
24-10-17,ABT,AbbottLaborat,117.58,-0.24,-0.20%," 8,099 "," 226,420 ",40.57%,-21.30%," 5,078 "," 3,021 ",0.5949,3.6%
24-10-17,SCHW,TheCharlesSc,71.91,-0.17,-0.24%," 22,804 "," 620,384 ",9.98%,-21.56%," 13,249 "," 9,555 ",0.7212,3.7%
24-10-17,WULF,TerawulfInc,5.07,-0.13,-2.50%," 31,731 "," 761,330 ",10.06%,-21.56%," 23,359 "," 8,372 ",0.3584,4.2%
24-10-17,SPHR,SphereEnterta,47.71,0.04,0.08%," 3,598 "," 86,469 ",43.29%,-21.66%," 2,936 ", 662 ,0.2255,4.2%
24-10-17,APLD,AppliedDigita,7.91,-0.14,-1.80%," 39,421 "," 412,561 ",62.69%,-21.82%," 28,792 "," 10,629 ",0.3692,9.6%
24-10-17,RIO,RioTintoPlc,65.08,-0.86,-1.31%," 6,757 "," 224,492 ",38.45%,-22.50%," 2,654 "," 4,103 ",1.546,3.0%
24-10-17,JBLU,JetblueAirway,7.34,0.22,3.16%," 10,621 "," 413,831 ",30.12%,-22.60%," 7,702 "," 2,919 ",0.379,2.6%
24-10-17,AMGN,AmgenInc,321.49,-0.14,-0.04%," 6,487 "," 185,182 ",100.00%,-22.77%," 4,247 "," 2,240 ",0.5274,3.5%
24-10-17,AG,FirstMajestic,6.36,-0.14,-2.23%," 13,601 "," 669,935 ",52.76%,-22.94%," 12,141 "," 1,460 ",0.1203,2.0%
24-10-17,HE,HawaiianElect,10.28,-0.17,-1.63%," 5,664 "," 130,298 ",35.23%,-23.24%," 4,690 ", 974 ,0.2077,4.3%
24-10-17,MSTR,Microstrategy,192.49,-1.6,-0.82%," 232,196 "," 2,078,140 ",47.97%,-23.26%," 151,146 "," 81,050 ",0.5362,11.2%
24-10-17,GE,GEAerospace,192.48,0.3,0.16%," 13,576 "," 360,662 ",59.35%,-23.82%," 9,035 "," 4,541 ",0.5026,3.8%
24-10-17,LLY,EliLillyand,917.77,1.35,0.15%," 26,634 "," 302,155 ",53.89%,-23.97%," 12,751 "," 13,883 ",1.0888,8.8%
24-10-17,AMD,AdvMicroDevi,156.96,0.83,0.53%," 393,785 "," 3,133,594 ",65.70%,-24.67%," 272,581 "," 121,204 ",0.4447,12.6%
24-10-17,SIRI,SiriusxmHoldi,27.01,-0.06,-0.22%," 19,440 "," 1,167,282 ",30.86%,-24.81%," 9,283 "," 10,157 ",1.0942,1.7%
24-10-17,KO,Coca-ColaComp,69.81,-0.76,-1.08%," 22,832 "," 639,354 ",76.25%,-25.57%," 15,044 "," 7,788 ",0.5177,3.6%
24-10-17,POET,PoetTechnolog,4.02,-0.15,-3.50%," 3,672 "," 76,775 ",14.06%,-25.98%," 3,275 ", 397 ,0.1212,4.8%
24-10-17,CSIQ,CanadianSolar,12.2,-0.47,-3.71%," 4,057 "," 161,401 ",64.21%,-26.30%," 3,096 ", 961 ,0.3104,2.5%
24-10-17,FTNT,FortinetInc,80.67,-1.45,-1.77%," 7,359 "," 225,027 ",65.39%,-26.31%," 5,232 "," 2,127 ",0.4065,3.3%
24-10-17,CAVA,CavaGroupInc,134.22,0.06,0.04%," 15,862 "," 197,896 ",55.79%,-26.36%," 11,292 "," 4,570 ",0.4047,8.0%
24-10-17,PAYX,PaychexInc,142.24,-0.04,-0.03%," 3,851 "," 74,129 ",25.27%,-26.41%," 2,956 ", 895 ,0.3028,5.2%
24-10-17,META,MetaPlatforms,576.85,0.06,0.01%," 243,571 "," 2,206,387 ",77.35%,-26.63%," 152,152 "," 91,419 ",0.6008,11.0%
24-10-17,XPEV,XpengIncADR,10.16,-0.89,-8.05%," 31,863 "," 402,174 ",34.96%,-26.79%," 20,894 "," 10,969 ",0.525,7.9%
24-10-17,ET,EnergyTransfe,16.52,0.12,0.73%," 19,897 "," 1,107,212 ",54.64%,-27.28%," 16,700 "," 3,197 ",0.1914,1.8%
24-10-17,NOVA,SunnovaEnergy,5.82,-0.45,-7.11%," 4,983 "," 258,676 ",36.58%,-27.98%," 2,670 "," 2,313 ",0.8663,1.9%
24-10-17,PAAS,PanAmerSilve,22.14,0.13,0.59%," 4,541 "," 212,576 ",42.88%,-28.27%," 2,737 "," 1,804 ",0.6591,2.1%
24-10-17,HIMS,Hims&HersHe,21.79,-0.57,-2.55%," 21,005 "," 277,324 ",60.29%,-28.59%," 11,825 "," 9,180 ",0.7763,7.6%
24-10-17,NOW,ServicenowInc,919.62,0.75,0.08%," 5,866 "," 100,880 ",85.63%,-28.72%," 3,787 "," 2,079 ",0.549,5.8%
24-10-17,MMM,3MCompany,135.38,-0.97,-0.71%," 7,458 "," 273,804 ",100.00%,-29.54%," 3,328 "," 4,130 ",1.241,2.7%
24-10-17,CAT,CaterpillarIn,394.24,0.62,0.16%," 13,815 "," 217,118 ",43.99%,-29.55%," 10,299 "," 3,516 ",0.3414,6.4%
24-10-17,CRWD,CrowdstrikeHo,310.3,4.06,1.33%," 46,983 "," 566,806 ",25.76%,-29.75%," 33,572 "," 13,411 ",0.3995,8.3%
24-10-17,LUMN,LumenTechnolo,6.2,-0.04,-0.72%," 22,450 "," 855,782 ",18.16%,-29.75%," 21,144 "," 1,306 ",0.0618,2.6%
24-10-17,NU,NuHoldingsLt,14.23,0.13,0.89%," 27,282 "," 1,590,547 ",42.06%,-29.92%," 13,288 "," 13,994 ",1.0531,1.7%
24-10-17,RKLB,RocketLabUSA,10.63,-0.56,-5.01%," 33,865 "," 539,788 ",49.83%,-29.98%," 25,454 "," 8,411 ",0.3304,6.3%
24-10-17,BABA,AlibabaGroup,99.79,-2.38,-2.33%," 277,791 "," 3,069,673 ",51.20%,-30.25%," 156,844 "," 120,947 ",0.7711,9.0%
24-10-17,SPCE,VirginGalacti,7.09,-0.06,-0.78%," 3,650 "," 402,389 ",10.19%,-30.67%," 2,794 ", 856 ,0.3064,0.9%
24-10-17,ONON,OnHoldingAg,48.38,-0.75,-1.53%," 7,492 "," 303,304 ",57.11%,-31.01%," 5,921 "," 1,571 ",0.2653,2.5%
24-10-17,BB,BlackberryLtd,2.55,-0.05,-1.92%," 18,024 "," 317,876 ",5.35%,-31.32%," 15,936 "," 2,088 ",0.131,5.7%
24-10-17,BHP,BhpBillitonL,56.8,0.07,0.12%," 4,339 "," 128,283 ",47.50%,-31.42%," 1,423 "," 2,916 ",2.0492,3.4%
24-10-17,BRK.B,BerkshireHath,465.2,-0.49,-0.11%," 12,347 "," 445,493 ",64.69%,-31.90%," 8,639 "," 3,708 ",0.4292,2.8%
24-10-17,TOST,ToastIncClA,29.44,0.41,1.41%," 6,626 "," 233,758 ",54.99%,-32.95%," 5,583 "," 1,043 ",0.1868,2.8%
24-10-17,NET,CloudflareInc,90.49,-0.85,-0.93%," 10,755 "," 266,580 ",47.53%,-32.99%," 7,583 "," 3,172 ",0.4183,4.0%
24-10-17,ABNB,AirbnbIncCl,135.86,0.71,0.53%," 14,636 "," 367,106 ",56.50%,-33.42%," 10,703 "," 3,933 ",0.3675,4.0%
24-10-17,AAP,AdvanceAutoP,39.24,0.62,1.59%," 6,310 "," 187,096 ",84.31%,-33.84%," 2,452 "," 3,858 ",1.5734,3.4%
24-10-17,PSNY,GoresGuggenhe,1.24,-0.02,-1.59%," 3,665 "," 160,530 ",46.06%,-33.87%," 1,693 "," 1,972 ",1.1648,2.3%
24-10-17,TSLA,TeslaInc,220.05,-1.28,-0.58%," 1,121,202 "," 7,103,207 ",47.12%,-34.67%," 674,425 "," 446,777 ",0.6625,15.8%
24-10-17,Z,ZillowGroupC,62.61,-0.98,-1.54%," 10,784 "," 263,619 ",48.19%,-35.00%," 6,623 "," 4,161 ",0.6283,4.1%
24-10-17,F,FordMotorCom,11.07,0.05,0.41%," 72,226 "," 3,104,419 ",95.21%,-35.53%," 44,942 "," 27,284 ",0.6071,2.3%
24-10-17,AVTR,AvantorInc,24.55,-0.25,-0.99%," 4,417 "," 113,091 ",60.86%,-35.93%," 3,483 ", 934 ,0.2682,3.9%
24-10-17,CMG,ChipotleMexic,58.73,-0.39,-0.66%," 22,267 "," 1,994,618 ",65.91%,-35.93%," 14,312 "," 7,955 ",0.5558,1.1%
24-10-17,INTC,IntelCorp,22.53,0.22,0.99%," 241,745 "," 4,867,900 ",95.43%,-36.06%," 104,862 "," 136,883 ",1.3054,5.0%
24-10-17,BLNK,BlinkCharging,2.03,-0.01,-0.49%," 3,669 "," 148,166 ",25.20%,-36.46%," 2,491 "," 1,178 ",0.4729,2.5%
24-10-17,GM,GeneralMotors,49.4,0.39,0.79%," 33,826 "," 994,059 ",63.71%,-36.78%," 19,078 "," 14,748 ",0.773,3.4%
24-10-17,EH,EhangHoldings,15.39,-0.55,-3.45%," 4,571 "," 127,979 ",37.98%,-36.82%," 3,718 ", 853 ,0.2294,3.6%
24-10-17,MGM,MGMResortsIn,40.34,0.44,1.10%," 9,495 "," 221,536 ",88.33%,-36.96%," 6,722 "," 2,773 ",0.4125,4.3%
24-10-17,CVX,ChevronCorp,150.58,1.85,1.24%," 21,136 "," 554,446 ",70.56%,-37.12%," 11,524 "," 9,612 ",0.8341,3.8%
24-10-17,NKLA,NikolaCorp,3.84,-0.32,-7.69%," 11,725 "," 1,136,848 ",11.32%,-37.35%," 7,151 "," 4,574 ",0.6396,1.0%
24-10-17,NCLH,NorwegianCrui,24.02,-0.54,-2.20%," 18,957 "," 612,832 ",55.99%,-37.39%," 11,572 "," 7,385 ",0.6382,3.1%
24-10-17,CORZ,CoreScientifi,13.05,-0.2,-1.55%," 29,210 "," 840,771 ",22.26%,-37.64%," 20,940 "," 8,270 ",0.3949,3.5%
24-10-17,V,VisaInc,290.3,2.78,0.97%," 33,483 "," 429,169 ",68.66%,-37.66%," 18,710 "," 14,773 ",0.7896,7.8%
24-10-17,EVGO,EvgoInc,8.58,0.13,1.59%," 10,035 "," 191,746 ",43.65%,-37.69%," 6,722 "," 3,313 ",0.4929,5.2%
24-10-17,PEP,PepsicoInc,174.23,-0.25,-0.14%," 14,832 "," 270,157 ",36.39%,-37.75%," 8,727 "," 6,105 ",0.6996,5.5%
24-10-17,PLTR,PalantirTechn,42.1,0.17,0.41%," 286,580 "," 3,256,034 ",61.68%,-37.97%," 195,359 "," 91,221 ",0.4669,8.8%
24-10-17,DOCU,DocusignInc,72.46,-0.14,-0.19%," 9,971 "," 169,039 ",18.38%,-38.09%," 6,662 "," 3,309 ",0.4967,5.9%
24-10-17,VFC,V.F.Corp,19.76,0.21,1.07%," 12,202 "," 584,360 ",78.97%,-38.09%," 4,058 "," 8,144 ",2.0069,2.1%
24-10-17,FUBO,FubotvInc,1.565,-0.03,-1.57%," 7,935 "," 367,456 ",28.57%,-38.11%," 6,442 "," 1,493 ",0.2318,2.2%
24-10-17,ORCL,OracleCorp,175.37,0.6,0.34%," 43,876 "," 609,579 ",22.11%,-38.24%," 29,353 "," 14,523 ",0.4948,7.2%
24-10-17,CMCSA,ComcastCorpA,42.08,-0.17,-0.41%," 9,527 "," 545,897 ",75.25%,-38.44%," 5,389 "," 4,138 ",0.7679,1.7%
24-10-17,RIVN,RivianAutomot,10.16,-0.07,-0.73%," 88,356 "," 2,604,263 ",64.24%,-38.47%," 52,748 "," 35,608 ",0.6751,3.4%
24-10-17,APP,ApplovinCorp,143.33,-1.52,-1.05%," 9,811 "," 219,238 ",52.29%,-38.47%," 4,865 "," 4,946 ",1.0166,4.5%
24-10-17,MA,MastercardInc,513.54,-0.53,-0.10%," 4,322 "," 145,274 ",72.40%,-38.60%," 2,206 "," 2,116 ",0.9592,3.0%
24-10-17,MPC,MarathonPetro,158.63,0.73,0.46%," 3,689 "," 110,756 ",63.18%,-38.70%," 2,172 "," 1,517 ",0.6984,3.3%
24-10-17,FCX,Freeport-Mcmor,47.81,-0.17,-0.34%," 41,350 "," 1,232,725 ",61.82%,-38.80%," 31,060 "," 10,290 ",0.3313,3.4%
24-10-17,SNOW,SnowflakeInc,118.96,0.06,0.05%," 47,640 "," 665,450 ",28.27%,-38.82%," 26,107 "," 21,533 ",0.8248,7.2%
24-10-17,PARA,ParamountGlob,10.29,-0.23,-2.19%," 7,160 "," 803,560 ",15.95%,-38.86%," 4,538 "," 2,622 ",0.5778,0.9%
24-10-17,HPQ,HPInc,37.6,0.42,1.12%," 8,362 "," 276,375 ",25.00%,-38.93%," 5,776 "," 2,586 ",0.4477,3.0%
24-10-17,APLT,AppliedTherap,8.69,-0.11,-1.25%," 3,587 "," 103,434 ",33.81%,-39.32%, 312 ," 3,275 ",10.4968,3.5%
24-10-17,NYCB,NewYorkCommu,12.31,-0.08,-0.61%," 6,617 "," 743,035 ",19.41%,-39.52%," 3,812 "," 2,805 ",0.7358,0.9%
24-10-17,PFE,PfizerInc,29.32,-0.35,-1.19%," 71,730 "," 3,012,518 ",78.80%,-39.65%," 46,895 "," 24,835 ",0.5296,2.4%
24-10-17,MNSO,MinisoGroupH,15.11,-1.36,-8.26%," 4,008 "," 51,544 ",49.77%,-39.67%," 2,874 "," 1,134 ",0.3946,7.8%
24-10-17,NKE,NikeInc,83.78,-0.16,-0.19%," 72,560 "," 1,239,079 ",21.98%,-39.92%," 45,818 "," 26,742 ",0.5837,5.9%
24-10-17,SHOP,ShopifyInc,81.54,-0.31,-0.38%," 19,466 "," 686,443 ",68.85%,-40.11%," 10,816 "," 8,650 ",0.7997,2.8%
24-10-17,PDD,PddHoldingsI,122.83,-4.57,-3.58%," 151,315 "," 1,970,074 ",36.44%,-40.47%," 45,574 "," 105,741 ",2.3202,7.7%
24-10-17,XOM,ExxonMobilCo,120.33,-0.33,-0.27%," 55,013 "," 1,217,093 ",67.68%,-40.81%," 38,564 "," 16,449 ",0.4265,4.5%
24-10-17,MBLY,MobileyeGloba,12.74,0.61,5.03%," 24,015 "," 452,588 ",82.05%,-41.21%," 18,926 "," 5,089 ",0.2689,5.3%
24-10-17,BTU,PeabodyEnergy,25.33,-0.35,-1.34%," 6,177 "," 318,908 ",82.62%,-41.22%," 3,250 "," 2,927 ",0.9006,1.9%
24-10-17,LOW,LowCompani,281.17,-2.88,-1.01%," 6,166 "," 157,433 ",33.27%,-41.33%," 4,505 "," 1,661 ",0.3687,3.9%
24-10-17,APA,ApaCorp,24.97,0.17,0.69%," 10,892 "," 373,137 ",86.62%,-41.82%," 6,119 "," 4,773 ",0.78,2.9%
24-10-17,HD,HomeDepot,414.89,-3.71,-0.89%," 14,378 "," 272,792 ",39.47%,-42.03%," 9,308 "," 5,070 ",0.5447,5.3%
24-10-17,U,UnitySoftware,21.03,-0.76,-3.49%," 51,448 "," 849,776 ",55.22%,-42.08%," 45,905 "," 5,543 ",0.1207,6.1%
24-10-17,MPW,MedicalProper,4.72,-0.01,-0.32%," 32,867 "," 1,629,364 ",20.90%,-42.63%," 12,831 "," 20,036 ",1.5615,2.0%
24-10-17,GAP,GapInc,22.09,-0.09,-0.41%," 3,836 "," 163,665 ",29.58%,-42.78%," 1,818 "," 2,018 ",1.11,2.3%
24-10-17,NEE,NexteraEnergy,84.22,-0.17,-0.20%," 11,699 "," 630,609 ",73.67%,-42.87%," 8,021 "," 3,678 ",0.4585,1.9%
24-10-17,TWLO,Twilio,70.15,-0.35,-0.50%," 6,500 "," 198,141 ",52.92%,-42.87%," 5,364 "," 1,136 ",0.2118,3.3%
24-10-17,AAPL,AppleInc,231.76,-0.02,-0.01%," 467,846 "," 6,240,144 ",44.15%,-42.92%," 306,802 "," 161,044 ",0.5249,7.5%
24-10-17,PYPL,PaypalHolding,79.75,-1.07,-1.32%," 44,426 "," 1,627,223 ",69.83%,-42.93%," 25,696 "," 18,730 ",0.7289,2.7%
24-10-17,ZS,ZscalerInc,189.6,-1.95,-1.02%," 5,254 "," 171,295 ",14.42%,-43.73%," 3,478 "," 1,776 ",0.5106,3.1%
24-10-17,GME,GamestopCorp,21.35,-0.31,-1.42%," 92,992 "," 1,046,363 ",3.69%,-44.08%," 77,325 "," 15,667 ",0.2026,8.9%
24-10-17,LVS,LasVegasSand,50.71,-0.97,-1.89%," 17,570 "," 446,444 ",74.95%,-44.62%," 6,329 "," 11,241 ",1.7761,3.9%
24-10-17,BILI,BilibiliIncA,19.3,-1.3,-6.29%," 29,750 "," 987,470 ",39.34%,-44.70%," 21,625 "," 8,125 ",0.3757,3.0%
24-10-17,TCOM,Trip.comGroup,57.63,-1.83,-3.07%," 3,739 "," 143,148 ",48.91%,-44.71%," 1,934 "," 1,805 ",0.9333,2.6%
24-10-17,NLY,AnnalyCapital,20.14,-0.02,-0.12%," 5,087 "," 180,818 ",15.35%,-45.13%," 3,000 "," 2,087 ",0.6957,2.8%
24-10-17,WB,WeiboCorpADR,8.81,-0.48,-5.22%," 4,751 "," 139,926 ",54.21%,-45.28%," 1,494 "," 3,257 ",2.1801,3.4%
24-10-17,AR,AnteroResourc,27.23,-0.01,-0.06%," 3,851 "," 257,283 ",67.82%,-45.42%," 1,585 "," 2,266 ",1.4297,1.5%
24-10-17,LUV,SouthwestAirl,30.27,-0.64,-2.05%," 13,235 "," 410,463 ",59.07%,-45.95%," 8,143 "," 5,092 ",0.6253,3.2%
24-10-17,DOW,DowInc,52.83,-0.11,-0.21%," 4,874 "," 285,927 ",60.77%,-45.96%," 2,622 "," 2,252 ",0.8589,1.7%
24-10-17,PCT,PurecycleTech,9.98,-0.31,-3.05%," 3,542 "," 276,785 ",30.98%,-46.17%," 2,766 ", 776 ,0.2805,1.3%
24-10-17,OPEN,OpendoorTechn,1.8301,-0.13,-6.63%," 15,587 "," 727,736 ",69.79%,-47.06%," 12,777 "," 2,810 ",0.2199,2.1%
24-10-17,ACHR,ArcherAviatio,3.16,-0.03,-0.78%," 6,649 "," 590,675 ",31.85%,-48.01%," 6,374 ", 275 ,0.0431,1.1%
24-10-17,WYNN,WynnResortsL,97.43,-2.81,-2.81%," 20,770 "," 473,213 ",53.25%,-48.51%," 13,124 "," 7,646 ",0.5826,4.4%
24-10-17,MLCO,MelcoResorts,7.05,-0.45,-5.93%," 5,102 "," 139,243 ",71.58%,-48.55%," 4,848 ", 254 ,0.0524,3.7%
24-10-17,OXY,OccidentalPet,51.65,0.4,0.77%," 65,928 "," 1,254,701 ",80.69%,-49.26%," 43,346 "," 22,582 ",0.521,5.3%
24-10-17,RIG,TransoceanInc,4.2,0.08,1.82%," 9,102 "," 904,859 ",37.00%,-49.52%," 7,266 "," 1,836 ",0.2527,1.0%
24-10-17,LMT,LockheedMarti,609.22,-3.61,-0.59%," 3,962 "," 110,721 ",81.67%,-50.03%," 2,462 "," 1,500 ",0.6093,3.6%
24-10-17,COST,CostcoWholesa,884.54,-2.84,-0.32%," 27,998 "," 331,941 ",36.61%,-50.06%," 13,657 "," 14,341 ",1.0501,8.4%
24-10-17,ENVX,EnovixCorp,11.44,0.35,3.16%," 16,838 "," 730,034 ",82.13%,-50.68%," 10,064 "," 6,774 ",0.6731,2.3%
24-10-17,RTX,RtxCorp,125.55,-0.67,-0.53%," 9,066 "," 355,539 ",72.32%,-51.26%," 6,890 "," 2,176 ",0.3158,2.5%
24-10-17,CLS,CelesticaInc,57.99,-0.43,-0.74%," 3,688 "," 110,546 ",54.07%,-51.33%," 2,629 "," 1,059 ",0.4028,3.3%
24-10-17,VKTX,VikingThera,65.54,-0.31,-0.47%," 9,184 "," 211,700 ",51.87%,-51.75%," 7,552 "," 1,632 ",0.2161,4.3%
24-10-17,FFIE,FaradayFuture,2.23,-0.08,-3.46%," 5,387 "," 221,085 ",14.45%,-52.15%," 2,846 "," 2,541 ",0.8928,2.4%
24-10-17,PTON,PelotonIntera,5.25,-0.01,-0.19%," 12,767 "," 673,319 ",46.82%,-52.24%," 11,355 "," 1,412 ",0.1244,1.9%
24-10-17,MTCH,MatchGroupIn,38.03,0.2,0.54%," 3,652 "," 222,331 ",67.30%,-52.30%," 2,012 "," 1,640 ",0.8151,1.6%
24-10-17,COHR,CoherentCorp,102.41,1.33,1.32%," 3,419 "," 146,277 ",55.58%,-52.93%," 2,381 "," 1,038 ",0.436,2.3%
24-10-17,VLO,ValeroEnergy,136.6,1.07,0.79%," 6,618 "," 241,278 ",65.41%,-52.95%," 4,316 "," 2,302 ",0.5334,2.7%
24-10-17,SMMT,SummitTherape,21.94,-1.52,-6.48%," 4,726 "," 117,340 ",10.64%,-53.66%," 2,935 "," 1,791 ",0.6102,4.0%
24-10-17,WMT,WalmartInc,80.88,-0.35,-0.42%," 49,454 "," 1,537,641 ",48.82%,-54.16%," 27,828 "," 21,626 ",0.7771,3.2%
24-10-17,CRM,SalesforceInc,290.53,-0.33,-0.11%," 16,544 "," 468,170 ",17.87%,-54.25%," 9,339 "," 7,205 ",0.7715,3.5%
24-10-17,BYND,BeyondMeatIn,6.39,-0.22,-3.40%," 11,829 "," 490,471 ",45.14%,-54.26%," 5,620 "," 6,209 ",1.1048,2.4%
24-10-17,GRPN,GrouponClA,11.18,-0.09,-0.75%," 4,482 "," 208,068 ",54.65%,-54.30%," 3,323 "," 1,159 ",0.3488,2.2%
24-10-17,DAL,DeltaAirLine,55.18,-1.13,-2.00%," 24,950 "," 921,114 ",50.74%,-54.47%," 14,285 "," 10,665 ",0.7466,2.7%
24-10-17,BEKE,KeHoldingsIn,19.3,-2.63,-11.99%," 31,772 "," 811,452 ",43.63%,-54.70%," 22,490 "," 9,282 ",0.4127,3.9%
24-10-17,T,AT&TInc,21.74,0.03,0.12%," 30,673 "," 1,209,487 ",81.80%,-54.97%," 17,404 "," 13,269 ",0.7624,2.5%
24-10-17,NFE,NewFortressE,9.09,-0.4,-4.21%," 4,796 "," 229,375 ",69.08%,-55.62%," 1,812 "," 2,984 ",1.6468,2.1%
24-10-17,CPNG,CoupangIncCl,25.34,-0.03,-0.14%," 4,860 "," 383,252 ",38.40%,-55.75%," 4,044 ", 816 ,0.2018,1.3%
24-10-17,DDOG,DatadogIncCl,126.29,0.29,0.23%," 7,541 "," 333,947 ",46.52%,-56.14%," 5,116 "," 2,425 ",0.474,2.3%
24-10-17,HL,HeclaMiningC,6.74,-0.04,-0.59%," 4,309 "," 283,206 ",21.57%,-56.37%," 3,265 "," 1,044 ",0.3198,1.5%
24-10-17,AMC,AMCEntertainm,4.19,-0.04,-0.87%," 32,958 "," 1,539,293 ",6.72%,-56.64%," 28,257 "," 4,701 ",0.1664,2.1%
24-10-17,CARR,CarrierGlobal,81.51,0.46,0.57%," 5,046 "," 219,888 ",52.25%,-57.37%," 3,106 "," 1,940 ",0.6246,2.3%
24-10-17,WW,WeightWatcher,1.3568,-0.06,-4.45%," 3,625 "," 161,404 ",82.12%,-57.40%," 2,645 ", 980 ,0.3705,2.2%
24-10-17,CZR,CaesarsEntert,45.41,0.77,1.72%," 4,429 "," 257,010 ",41.98%,-59.13%," 2,517 "," 1,912 ",0.7596,1.7%
24-10-17,IBM,International,232.67,-1,-0.43%," 12,448 "," 448,889 ",81.65%,-59.99%," 7,764 "," 4,684 ",0.6033,2.8%
24-10-17,FDX,FedexCorp,273.89,2.09,0.77%," 16,423 "," 214,744 ",24.51%,-60.30%," 11,239 "," 5,184 ",0.4613,7.6%
24-10-17,CCL,CarnivalCorp,21.3,-0.1,-0.47%," 50,386 "," 1,957,658 ",32.67%,-60.36%," 32,478 "," 17,908 ",0.5514,2.6%
24-10-17,ABR,ArborRealtyT,15.17,-0.12,-0.78%," 5,595 "," 608,889 ",35.94%,-60.78%," 1,489 "," 4,106 ",2.7576,0.9%
24-10-17,GLW,CorningInc,46.51,0.5,1.09%," 4,444 "," 301,183 ",90.93%,-60.83%," 3,968 ", 476 ,0.12,1.5%
24-10-17,CIFR,CipherMining,4.8,-0.22,-4.29%," 5,732 "," 357,958 ",22.91%,-61.20%," 4,743 ", 989 ,0.2085,1.6%
24-10-17,PATH,UipathIncCl,12.74,-0.06,-0.45%," 3,361 "," 376,774 ",21.45%,-62.19%," 2,946 ", 415 ,0.1409,0.9%
24-10-17,UPS,UnitedParcel,135.4,-0.44,-0.33%," 9,709 "," 357,737 ",89.63%,-64.32%," 6,991 "," 2,718 ",0.3888,2.7%
24-10-17,VZ,VerizonCommun,43.69,-0.22,-0.49%," 24,166 "," 982,761 ",66.87%,-64.67%," 13,999 "," 10,167 ",0.7263,2.5%
24-10-17,TIGR,UpFintechHol,7.2,0.06,0.84%," 34,089 "," 769,589 ",48.90%,-65.23%," 21,913 "," 12,176 ",0.5557,4.4%
24-10-17,SE,SeaLtdADR,99,-0.37,-0.37%," 6,080 "," 498,119 ",45.64%,-65.66%," 3,437 "," 2,643 ",0.769,1.2%
24-10-17,KSS,KohCorp,20.1,0.31,1.54%," 10,448 "," 272,927 ",38.61%,-65.85%," 7,081 "," 3,367 ",0.4755,3.8%
24-10-17,AGNC,AgncInvestmen,10.46,-0.03,-0.29%," 10,986 "," 937,576 ",32.16%,-66.31%," 5,552 "," 5,434 ",0.9787,1.2%
24-10-17,TLRY,TilrayBrands,1.565,-0.01,-0.95%," 13,732 "," 844,927 ",18.67%,-67.13%," 11,967 "," 1,765 ",0.1475,1.6%
24-10-17,MO,AltriaGroup,49.73,-0.43,-0.86%," 4,272 "," 370,277 ",67.82%,-68.27%," 2,291 "," 1,981 ",0.8647,1.2%
24-10-17,LW,LambWestonHo,71.12,1.37,1.96%," 3,785 "," 211,382 ",36.46%,-68.44%," 3,270 ", 515 ,0.1575,1.8%
24-10-17,HPE,HewlettPackar,20.88,-0.01,-0.05%," 4,782 "," 487,694 ",18.84%,-70.66%," 3,805 ", 977 ,0.2568,1.0%
24-10-17,LUNR,IntuitiveMach,8.4,0.03,0.30%," 20,151 "," 269,922 ",37.33%,-71.20%," 17,184 "," 2,967 ",0.1727,7.5%
24-10-17,RCL,RoyalCaribbea,201.29,-0.45,-0.22%," 3,457 "," 244,129 ",59.28%,-71.34%," 1,697 "," 1,760 ",1.0371,1.4%
24-10-17,ZIM,ZimIntegrated,20.9,-0.27,-1.30%," 9,095 "," 597,596 ",30.76%,-73.75%," 2,873 "," 6,222 ",2.1657,1.5%
24-10-17,BMY,Bristol-Myers,53.24,-0.13,-0.24%," 14,193 "," 765,156 ",68.52%,-74.15%," 7,822 "," 6,371 ",0.8145,1.9%
24-10-17,IQ,IqiyiIncADR,2.32,-0.13,-5.31%," 7,706 "," 552,580 ",21.65%,-78.76%," 5,184 "," 2,522 ",0.4865,1.4%
